"store","websites","attribute_set","type","category_ids","sku","has_options_disable","name","country_of_manufacture","is_returnable","msrp_enabled","msrp_display_actual_price_type","meta_title","meta_description","image_empty","small_image_empty","thumbnail_empty","custom_design","page_layout","options_container","gift_message_available","gift_wrapping_available","url_key","weight","price","special_price","msrp","gift_wrapping_price","status","visibility","ebizmarts_mark_visited","tax_class_id","is_recurring","description","short_description","tax_code","depth","height","width","fixed_shipping_price","meta_keyword","custom_layout_update","news_from_date","news_to_date","special_from_date","special_to_date","custom_design_from","custom_design_to","qty","min_qty","use_config_min_qty","is_qty_decimal","backorders","use_config_backorders","min_sale_qty","use_config_min_sale_qty","max_sale_qty","use_config_max_sale_qty","is_in_stock","low_stock_date","notify_stock_qty","use_config_notify_stock_qty","manage_stock","use_config_manage_stock","stock_status_changed_auto","use_config_qty_increments","qty_increments","use_config_enable_qty_inc","enable_qty_increments","is_decimal_divided","stock_status_changed_automatically","use_config_enable_qty_increments","product_name","store_id","product_type_id","product_status_changed","product_changed_websites","brand","color","cost"
"admin","base","Đồ sơ sinh","simple","","AD17B4","0","Áo Born dài mỏng 4","","Use config","Use config","Use config","","","","","","","No layout updates","Product Info Column","No","No","","1","22000","","","","Enabled","Catalog, Search","No","Taxable Goods","No","","","","1","1","1","","","","","","","","","","7","1","1","0","0","1","1","1","0","1","1","","","1","1","1","0","1","0","1","0","0","0","1","Áo Born dài mỏng 4","0","simple","","","","Xanh",""
"admin","base","Đồ sơ sinh","simple","","QD16B4","0","Quần Born dài mỏng 4","","Use config","Use config","Use config","","","","","","","No layout updates","Product Info Column","No","No","","1","21000","","","","Enabled","Catalog, Search","No","Taxable Goods","No","","","","1","1","1","","","","","","","","","","12","1","1","0","0","1","1","1","0","1","1","","","1","1","1","0","1","0","1","0","0","0","1","Quần Born dài mỏng 4","0","simple","","","","Đỏ",""
"admin","base","Đồ sơ sinh","simple","","AN25B4","0","Áo Born nỉ 4","","Use config","Use config","Use config","","","","","","","No layout updates","Product Info Column","No","No","","1","29000","","","","Enabled","Catalog, Search","No","Taxable Goods","No","","","","1","1","1","","","","","","","","","","12","1","1","0","0","1","1","1","0","1","1","","","1","1","1","0","1","0","1","0","0","0","1","Áo Born nỉ 4","0","simple","","","","",""
"admin","base","Đồ sơ sinh","simple","","QB23N4","0","Quần Born nỉ 4","","Use config","Use config","Use config","","","","","","","No layout updates","Product Info Column","No","No","","1","28000","","","","Enabled","Catalog, Search","No","Taxable Goods","No","","","","1","1","1","","","","","","","","","","12","1","1","0","0","1","1","1","0","1","1","","","1","1","1","0","1","0","1","0","0","0","1","Quần Born nỉ 4","0","simple","","","","",""
"admin","base","Đồ sơ sinh","simple","","ACCB75X","0","Áo cho con bú xịn","","Use config","Use config","Use config","","","","","","","No layout updates","Product Info Column","No","No","","1","85000","","","","Enabled","Catalog, Search","No","Taxable Goods","No","","","","1","1","1","","","","","","","","","","12","1","1","0","0","1","1","1","0","1","1","","","1","1","1","0","1","0","1","0","0","0","1","Áo cho con bú xịn","0","simple","","","","",""
"admin","base","Đồ sơ sinh","simple","","AD14LEO1","0","Áo Leoo màu dài 1","","Use config","Use config","Use config","","","","","","","No layout updates","Product Info Column","No","No","","1","17000","","","","Enabled","Catalog, Search","No","Taxable Goods","No","","","","1","1","1","","","","","","","","","","","1","1","0","0","1","1","1","0","1","1","","","1","1","1","0","1","0","1","0","0","0","1","Áo Leoo màu dài 1","0","simple","","","","",""
"admin","base","Đồ sơ sinh","simple","","QD13LEO1","0","Quần Leoo màu dài 1","","Use config","Use config","Use config","","","","","","","No layout updates","Product Info Column","No","No","","1","17000","","","","Enabled","Catalog, Search","No","Taxable Goods","No","","","","1","1","1","","","","","","","","","","","1","1","0","0","1","1","1","0","1","1","","","1","1","1","0","1","0","1","0","0","0","1","Quần Leoo màu dài 1","0","simple","","","","",""
"admin","base","Đồ sơ sinh","simple","","AD16LEO3","0","Áo Leoo màu dài 3","","Use config","Use config","Use config","","","","","","","No layout updates","Product Info Column","No","No","","1","20000","","","","Enabled","Catalog, Search","No","Taxable Goods","No","","","","1","1","1","","","","","","","","","","","1","1","0","0","1","1","1","0","1","1","","","1","1","1","0","1","0","1","0","0","0","1","Áo Leoo màu dài 3","0","simple","","","","",""
"admin","base","Đồ sơ sinh","simple","","QD15LEO3","0","Quần Leoo màu dài 3","","Use config","Use config","Use config","","","","","","","No layout updates","Product Info Column","No","No","","1","20000","","","","Enabled","Catalog, Search","No","Taxable Goods","No","","","","1","1","1","","","","","","","","","","","1","1","0","0","1","1","1","0","1","1","","","1","1","1","0","1","0","1","0","0","0","1","Quần Leoo màu dài 3","0","simple","","","","",""
"admin","base","Đồ sơ sinh","simple","","AT15LEO3","0","Áo Leoo trắng 3","","Use config","Use config","Use config","","","","","","","No layout updates","Product Info Column","No","No","","1","20000","","","","Enabled","Catalog, Search","No","Taxable Goods","No","","","","1","1","1","","","","","","","","","","","1","1","0","0","1","1","1","0","1","1","","","1","1","1","0","1","0","1","0","0","0","1","Áo Leoo trắng 3","0","simple","","","","",""
"admin","base","Đồ sơ sinh","simple","","QT14LEO3","0","Quần Leoo trắng 3","","Use config","Use config","Use config","","","","","","","No layout updates","Product Info Column","No","No","","1","20000","","","","Enabled","Catalog, Search","No","Taxable Goods","No","","","","1","1","1","","","","","","","","","","","1","1","0","0","1","1","1","0","1","1","","","1","1","1","0","1","0","1","0","0","0","1","Quần Leoo trắng 3","0","simple","","","","",""
"admin","base","Đồ sơ sinh","simple","","QB20JA","0","Quấn bụng Nhật","","Use config","Use config","Use config","","","","","","","No layout updates","Product Info Column","No","No","","1","30000","","","","Enabled","Catalog, Search","No","Taxable Goods","No","","","","1","1","1","","","","","","","","","","","1","1","0","0","1","1","1","0","1","1","","","1","1","1","0","1","0","1","0","0","0","1","Quấn bụng Nhật","0","simple","","","","",""
"admin","base","Đồ sơ sinh","simple","","QL22CT","0","Quần lót giấy cotton","","Use config","Use config","Use config","","","","","","","No layout updates","Product Info Column","No","No","","1","28000","","","","Enabled","Catalog, Search","No","Taxable Goods","No","","","","1","1","1","","","","","","","","","","","1","1","0","0","1","1","1","0","1","1","","","1","1","1","0","1","0","1","0","0","0","1","Quần lót giấy cotton","0","simple","","","","",""
"admin","base","Đồ sơ sinh","simple","","QL14GX","0","Quần lót giấy đẹp","","Use config","Use config","Use config","","","","","","","No layout updates","Product Info Column","No","No","","1","20000","","","","Enabled","Catalog, Search","No","Taxable Goods","No","","","","1","1","1","","","","","","","","","","","1","1","0","0","1","1","1","0","1","1","","","1","1","1","0","1","0","1","0","0","0","1","Quần lót giấy đẹp","0","simple","","","","",""
"admin","base","Đồ sơ sinh","simple","","QL4.5GR","0","Quần lót giấy rẻ","","Use config","Use config","Use config","","","","","","","No layout updates","Product Info Column","No","No","","1","8000","","","","Enabled","Catalog, Search","No","Taxable Goods","No","","","","1","1","1","","","","","","","","","","","1","1","0","0","1","1","1","0","1","1","","","1","1","1","0","1","0","1","0","0","0","1","Quần lót giấy rẻ","0","simple","","","","",""
"admin","base","Đồ sơ sinh","simple","","BR3.5HSP","0","Băng rốn","","Use config","Use config","Use config","","","","","","","No layout updates","Product Info Column","No","No","","1","3500","","","","Enabled","Catalog, Search","No","Taxable Goods","No","","","","1","1","1","","","","","","","","","","","1","1","0","0","1","1","1","0","1","1","","","1","1","1","0","1","0","1","0","0","0","1","Băng rốn","0","simple","","","","",""
"admin","base","Đồ sơ sinh","simple","","BTC22MC","0","Bộ bao tay chân Mom's care","","Use config","Use config","Use config","","","","","","","No layout updates","Product Info Column","No","No","","1","35000","","","","Enabled","Catalog, Search","No","Taxable Goods","No","","","","1","1","1","","","","","","","","","","","1","1","0","0","1","1","1","0","1","1","","","1","1","1","0","1","0","1","0","0","0","1","Bộ bao tay chân Mom's care","0","simple","","","","",""
"admin","base","Đồ sơ sinh","simple","","DANTL15G","0","Bộ hình dán trang trí cánh tủ lạnh","","Use config","Use config","Use config","","","","","","","No layout updates","Product Info Column","No","No","","1","15000","","","","Enabled","Catalog, Search","No","Taxable Goods","No","","","","1","1","1","","","","","","","","","","","1","1","0","0","1","1","1","0","1","1","","","1","1","1","0","1","0","1","0","0","0","1","Bộ hình dán trang trí cánh tủ lạnh","0","simple","","","","",""
"admin","base","Đồ sơ sinh","simple","","BTC20TLA","0","Bộ bao tay chân Thái","","Use config","Use config","Use config","","","","","","","No layout updates","Product Info Column","No","No","","1","25000","","","","Enabled","Catalog, Search","No","Taxable Goods","No","","","","1","1","1","","","","","","","","","","","1","1","0","0","1","1","1","0","1","1","","","1","1","1","0","1","0","1","0","0","0","1","Bộ bao tay chân Thái","0","simple","","","","",""
"admin","base","Đồ sơ sinh","simple","","CNRN200FP","0","Cá ngựa ru ngủ Fisher Price","","Use config","Use config","Use config","","","","","","","No layout updates","Product Info Column","No","No","","1","240000","","","","Enabled","Catalog, Search","No","Taxable Goods","No","","","","1","1","1","","","","","","","","","","","1","1","0","0","1","1","1","0","1","1","","","1","1","1","0","1","0","1","0","0","0","1","Cá ngựa ru ngủ Fisher Price","0","simple","","","","",""
"admin","base","Đồ sơ sinh","simple","","CL210CART1.5","0","Chăn lông Carter 1mx1,5m","","Use config","Use config","Use config","","","","","","","No layout updates","Product Info Column","No","No","","1","240000","","","","Enabled","Catalog, Search","No","Taxable Goods","No","","","","1","1","1","","","","","","","","","","","1","1","0","0","1","1","1","0","1","1","","","1","1","1","0","1","0","1","0","0","0","1","Chăn lông Carter 1mx1,5m","0","simple","","","","",""
"admin","base","Đồ sơ sinh","simple","","CL80CART2L","0","Chăn lông ss 2 lớp Carter","","Use config","Use config","Use config","","","","","","","No layout updates","Product Info Column","No","No","","1","110000","","","","Enabled","Catalog, Search","No","Taxable Goods","No","","","","1","1","1","","","","","","","","","","","1","1","0","0","1","1","1","0","1","1","","","1","1","1","0","1","0","1","0","0","0","1","Chăn lông ss 2 lớp Carter","0","simple","","","","",""
"admin","base","Đồ sơ sinh","simple","","CLU120NGA","0","Chăn lưới xuất Nga 1mx1,5m","","Use config","Use config","Use config","","","","","","","No layout updates","Product Info Column","No","No","","1","160000","","","","Enabled","Catalog, Search","No","Taxable Goods","No","","","","1","1","1","","","","","","","","","","","1","1","0","0","1","1","1","0","1","1","","","1","1","1","0","1","0","1","0","0","0","1","Chăn lưới xuất Nga 1mx1,5m","0","simple","","","","",""
"admin","base","Đồ sơ sinh","simple","","CUBMT90CART","0","Chăn ủ bông mũ thú Carter","","Use config","Use config","Use config","","","","","","","No layout updates","Product Info Column","No","No","","1","130000","","","","Enabled","Catalog, Search","No","Taxable Goods","No","","","","1","1","1","","","","","","","","","","","1","1","0","0","1","1","1","0","1","1","","","1","1","1","0","1","0","1","0","0","0","1","Chăn ủ bông mũ thú Carter","0","simple","","","","",""
"admin","base","Đồ sơ sinh","simple","","CU120MIN","0","Chăn ủ Minizone","","Use config","Use config","Use config","","","","","","","No layout updates","Product Info Column","No","No","","1","170000","","","","Enabled","Catalog, Search","No","Taxable Goods","No","","","","1","1","1","","","","","","","","","","","1","1","0","0","1","1","1","0","1","1","","","1","1","1","0","1","0","1","0","0","0","1","Chăn ủ Minizone","0","simple","","","","",""
"admin","base","Đồ sơ sinh","simple","","CU165MC","0","Chăn ủ Mom care chần bông","","Use config","Use config","Use config","","","","","","","No layout updates","Product Info Column","No","No","","1","200000","","","","Enabled","Catalog, Search","No","Taxable Goods","No","","","","1","1","1","","","","","","","","","","","1","1","0","0","1","1","1","0","1","1","","","1","1","1","0","1","0","1","0","0","0","1","Chăn ủ Mom care chần bông","0","simple","","","","",""
"admin","base","Đồ sơ sinh","simple","","CUQ110SWAD","0","Chăn ủ quấn Swaddleme","","Use config","Use config","Use config","","","","","","","No layout updates","Product Info Column","No","No","","1","140000","","","","Enabled","Catalog, Search","No","Taxable Goods","No","","","","1","1","1","","","","","","","","","","","1","1","0","0","1","1","1","0","1","1","","","1","1","1","0","1","0","1","0","0","0","1","Chăn ủ quấn Swaddleme","0","simple","","","","",""
"admin","base","Đồ sơ sinh","simple","","CUX52JA","0","Chăn ủ xô Nhật","","Use config","Use config","Use config","","","","","","","No layout updates","Product Info Column","No","No","","1","65000","","","","Enabled","Catalog, Search","No","Taxable Goods","No","","","","1","1","1","","","","","","","","","","","1","1","0","0","1","1","1","0","1","1","","","1","1","1","0","1","0","1","0","0","0","1","Chăn ủ xô Nhật","0","simple","","","","",""
"admin","base","Đồ sơ sinh","simple","","CCS36HT","0","Chiếu cao su cho bé Lan Hương","","Use config","Use config","Use config","","","","","","","No layout updates","Product Info Column","No","No","","1","40000","","","","Enabled","Catalog, Search","No","Taxable Goods","No","","","","1","1","1","","","","","","","","","","","1","1","0","0","1","1","1","0","1","1","","","1","1","1","0","1","0","1","0","0","0","1","Chiếu cao su cho bé Lan Hương","0","simple","","","","",""
"admin","base","Đồ sơ sinh","simple","","CC18B","0","Chiếu cói bé","","Use config","Use config","Use config","","","","","","","No layout updates","Product Info Column","No","No","","1","25000","","","","Enabled","Catalog, Search","No","Taxable Goods","No","","","","1","1","1","","","","","","","","","","","1","1","0","0","1","1","1","0","1","1","","","1","1","1","0","1","0","1","0","0","0","1","Chiếu cói bé","0","simple","","","","",""
"admin","base","Đồ sơ sinh","simple","","CC35T","0","Chiếu cói to","","Use config","Use config","Use config","","","","","","","No layout updates","Product Info Column","No","No","","1","42000","","","","Enabled","Catalog, Search","No","Taxable Goods","No","","","","1","1","1","","","","","","","","","","","1","1","0","0","1","1","1","0","1","1","","","1","1","1","0","1","0","1","0","0","0","1","Chiếu cói to","0","simple","","","","",""
"admin","base","Đồ sơ sinh","simple","","CL12N","0","Chiếu lưới nhỏ","","Use config","Use config","Use config","","","","","","","No layout updates","Product Info Column","No","No","","1","16000","","","","Enabled","Catalog, Search","No","Taxable Goods","No","","","","1","1","1","","","","","","","","","","","1","1","0","0","1","1","1","0","1","1","","","1","1","1","0","1","0","1","0","0","0","1","Chiếu lưới nhỏ","0","simple","","","","",""
"admin","base","Đồ sơ sinh","simple","","CL12T","0","Chiếu lưới to","","Use config","Use config","Use config","","","","","","","No layout updates","Product Info Column","No","No","","1","18000","","","","Enabled","Catalog, Search","No","Taxable Goods","No","","","","1","1","1","","","","","","","","","","","1","1","0","0","1","1","1","0","1","1","","","1","1","1","0","1","0","1","0","0","0","1","Chiếu lưới to","0","simple","","","","",""
"admin","base","Đồ sơ sinh","simple","","GB22R","0","Gen bụng mẹ rẻ","","Use config","Use config","Use config","","","","","","","No layout updates","Product Info Column","No","No","","1","28000","","","","Enabled","Catalog, Search","No","Taxable Goods","No","","","","1","1","1","","","","","","","","","","","1","1","0","0","1","1","1","0","1","1","","","1","1","1","0","1","0","1","0","0","0","1","Gen bụng mẹ rẻ","0","simple","","","","",""
"admin","base","Đồ sơ sinh","simple","","KM28GERB","0","Khăn mặt Gerber baby","","Use config","Use config","Use config","","","","","","","No layout updates","Product Info Column","No","No","","1","35000","","","","Enabled","Catalog, Search","No","Taxable Goods","No","","","","1","1","1","","","","","","","","","","","1","1","0","0","1","1","1","0","1","1","","","1","1","1","0","1","0","1","0","0","0","1","Khăn mặt Gerber baby","0","simple","","","","",""
"admin","base","Đồ sơ sinh","simple","","KM18SM","0","Khăn mặt siêu mềm trẻ em","","Use config","Use config","Use config","","","","","","","No layout updates","Product Info Column","No","No","","1","25000","","","","Enabled","Catalog, Search","No","Taxable Goods","No","","","","1","1","1","","","","","","","","","","","1","1","0","0","1","1","1","0","1","1","","","1","1","1","0","1","0","1","0","0","0","1","Khăn mặt siêu mềm trẻ em","0","simple","","","","",""
"admin","base","Đồ sơ sinh","simple","","KS2L20","0","Khăn sữa cao cấp 2 lớp","","Use config","Use config","Use config","","","","","","","No layout updates","Product Info Column","No","No","","1","25000","","","","Enabled","Catalog, Search","No","Taxable Goods","No","","","","1","1","1","","","","","","","","","","","1","1","0","0","1","1","1","0","1","1","","","1","1","1","0","1","0","1","0","0","0","1","Khăn sữa cao cấp 2 lớp","0","simple","","","","",""
"admin","base","Đồ sơ sinh","simple","","KS3L23","0","Khăn sữa cao cấp 3 lớp","","Use config","Use config","Use config","","","","","","","No layout updates","Product Info Column","No","No","","1","30000","","","","Enabled","Catalog, Search","No","Taxable Goods","No","","","","1","1","1","","","","","","","","","","","1","1","0","0","1","1","1","0","1","1","","","1","1","1","0","1","0","1","0","0","0","1","Khăn sữa cao cấp 3 lớp","0","simple","","","","",""
"admin","base","Đồ sơ sinh","simple","","KS4L33","0","Khăn sữa cao cấp 4 lớp","","Use config","Use config","Use config","","","","","","","No layout updates","Product Info Column","No","No","","1","40000","","","","Enabled","Catalog, Search","No","Taxable Goods","No","","","","1","1","1","","","","","","","","","","","1","1","0","0","1","1","1","0","1","1","","","1","1","1","0","1","0","1","0","0","0","1","Khăn sữa cao cấp 4 lớp","0","simple","","","","",""
"admin","base","Đồ sơ sinh","simple","","KTG56MC","0","Khăn tam giác Mom's care","","Use config","Use config","Use config","","","","","","","No layout updates","Product Info Column","No","No","","1","70000","","","","Enabled","Catalog, Search","No","Taxable Goods","No","","","","1","1","1","","","","","","","","","","","1","1","0","0","1","1","1","0","1","1","","","1","1","1","0","1","0","1","0","0","0","1","Khăn tam giác Mom's care","0","simple","","","","",""
"admin","base","Đồ sơ sinh","simple","","KTX4L18CC","0","Khăn tắm xô cò 4L","","Use config","Use config","Use config","","","","","","","No layout updates","Product Info Column","No","No","","1","25000","","","","Enabled","Catalog, Search","No","Taxable Goods","No","","","","1","1","1","","","","","","","","","","","1","1","0","0","1","1","1","0","1","1","","","1","1","1","0","1","0","1","0","0","0","1","Khăn tắm xô cò 4L","0","simple","","","","",""
"admin","base","Đồ sơ sinh","simple","","KTX3L65JA","0","Khăn tắm xô Nhật 3L","","Use config","Use config","Use config","","","","","","","No layout updates","Product Info Column","No","No","","1","75000","","","","Enabled","Catalog, Search","No","Taxable Goods","No","","","","1","1","1","","","","","","","","","","","1","1","0","0","1","1","1","0","1","1","","","1","1","1","0","1","0","1","0","0","0","1","Khăn tắm xô Nhật 3L","0","simple","","","","",""
"admin","base","Đồ sơ sinh","simple","","TMH26DIS","0","Khăn thấm mồ hôi Disney ","","Use config","Use config","Use config","","","","","","","No layout updates","Product Info Column","No","No","","1","35000","","","","Enabled","Catalog, Search","No","Taxable Goods","No","","","","1","1","1","","","","","","","","","","","1","1","0","0","1","1","1","0","1","1","","","1","1","1","0","1","0","1","0","0","0","1","Khăn thấm mồ hôi Disney ","0","simple","","","","",""
"admin","base","Đồ sơ sinh","simple","","KV4.5T","0","Khăn voan trắng","","Use config","Use config","Use config","","","","","","","No layout updates","Product Info Column","No","No","","1","10000","","","","Enabled","Catalog, Search","No","Taxable Goods","No","","","","1","1","1","","","","","","","","","","","1","1","0","0","1","1","1","0","1","1","","","1","1","1","0","1","0","1","0","0","0","1","Khăn voan trắng","0","simple","","","","",""
"admin","base","Đồ sơ sinh","simple","","KXHTL63JA","0","Khăn xô Nhật hoa túi lưới","","Use config","Use config","Use config","","","","","","","No layout updates","Product Info Column","No","No","","1","80000","","","","Enabled","Catalog, Search","No","Taxable Goods","No","","","","1","1","1","","","","","","","","","","","1","1","0","0","1","1","1","0","1","1","","","1","1","1","0","1","0","1","0","0","0","1","Khăn xô Nhật hoa túi lưới","0","simple","","","","",""
"admin","base","Đồ sơ sinh","simple","","KXHVT40JA","0","Khăn xô Nhật hoa viền trắng","","Use config","Use config","Use config","","","","","","","No layout updates","Product Info Column","No","No","","1","50000","","","","Enabled","Catalog, Search","No","Taxable Goods","No","","","","1","1","1","","","","","","","","","","","1","1","0","0","1","1","1","0","1","1","","","1","1","1","0","1","0","1","0","0","0","1","Khăn xô Nhật hoa viền trắng","0","simple","","","","",""
"admin","base","Đồ sơ sinh","simple","","KXT37JA","0","Khăn xô Nhật trắng","","Use config","Use config","Use config","","","","","","","No layout updates","Product Info Column","No","No","","1","45000","","","","Enabled","Catalog, Search","No","Taxable Goods","No","","","","1","1","1","","","","","","","","","","","1","1","0","0","1","1","1","0","1","1","","","1","1","1","0","1","0","1","0","0","0","1","Khăn xô Nhật trắng","0","simple","","","","",""
"admin","base","Đồ sơ sinh","simple","","LT35JA60","0","Lót tè Nhật 60x70cm","","Use config","Use config","Use config","","","","","","","No layout updates","Product Info Column","No","No","","1","45000","","","","Enabled","Catalog, Search","No","Taxable Goods","No","","","","1","1","1","","","","","","","","","","","1","1","0","0","1","1","1","0","1","1","","","1","1","1","0","1","0","1","0","0","0","1","Lót tè Nhật 60x70cm","0","simple","","","","",""
"admin","base","Đồ sơ sinh","simple","","LT70JA70","0","Lót tè Nhật 70x120cm","","Use config","Use config","Use config","","","","","","","No layout updates","Product Info Column","No","No","","1","85000","","","","Enabled","Catalog, Search","No","Taxable Goods","No","","","","1","1","1","","","","","","","","","","","1","1","0","0","1","1","1","0","1","1","","","1","1","1","0","1","0","1","0","0","0","1","Lót tè Nhật 70x120cm","0","simple","","","","",""
"admin","base","Đồ sơ sinh","simple","","LX70X","0","Lót xu đẹp","","Use config","Use config","Use config","","","","","","","No layout updates","Product Info Column","No","No","","1","90000","","","","Enabled","Catalog, Search","No","Taxable Goods","No","","","","1","1","1","","","","","","","","","","","1","1","0","0","1","1","1","0","1","1","","","1","1","1","0","1","0","1","0","0","0","1","Lót xu đẹp","0","simple","","","","",""
"admin","base","Đồ sơ sinh","simple","","MDCM210HB","0","Màn đệm chống muỗi","","Use config","Use config","Use config","","","","","","","No layout updates","Product Info Column","No","No","","1","240000","","","","Enabled","Catalog, Search","No","Taxable Goods","No","","","","1","1","1","","","","","","","","","","","1","1","0","0","1","1","1","0","1","1","","","1","1","1","0","1","0","1","0","0","0","1","Màn đệm chống muỗi","0","simple","","","","",""
"admin","base","Đồ sơ sinh","simple","","MA65TL","0","Màn Thái đẹp","","Use config","Use config","Use config","","","","","","","No layout updates","Product Info Column","No","No","","1","80000","","","","Enabled","Catalog, Search","No","Taxable Goods","No","","","","1","1","1","","","","","","","","","","","1","1","0","0","1","1","1","0","1","1","","","1","1","1","0","1","0","1","0","0","0","1","Màn Thái đẹp","0","simple","","","","",""
"admin","base","Đồ sơ sinh","simple","","MTBD4.5M","0","Mũ thóp buộc dây mỏng","","Use config","Use config","Use config","","","","","","","No layout updates","Product Info Column","No","No","","1","6000","","","","Enabled","Catalog, Search","No","Taxable Goods","No","","","","1","1","1","","","","","","","","","","","1","1","0","0","1","1","1","0","1","1","","","1","1","1","0","1","0","1","0","0","0","1","Mũ thóp buộc dây mỏng","0","simple","","","","",""
"admin","base","Đồ sơ sinh","simple","","MTC4.5M","0","Mũ thóp chụp mỏng","","Use config","Use config","Use config","","","","","","","No layout updates","Product Info Column","No","No","","1","6000","","","","Enabled","Catalog, Search","No","Taxable Goods","No","","","","1","1","1","","","","","","","","","","","1","1","0","0","1","1","1","0","1","1","","","1","1","1","0","1","0","1","0","0","0","1","Mũ thóp chụp mỏng","0","simple","","","","",""
"admin","base","Đồ sơ sinh","simple","","MT57LUVST3","0","Mũ thóp Luvable set 3","","Use config","Use config","Use config","","","","","","","No layout updates","Product Info Column","No","No","","1","75000","","","","Enabled","Catalog, Search","No","Taxable Goods","No","","","","1","1","1","","","","","","","","","","","1","1","0","0","1","1","1","0","1","1","","","1","1","1","0","1","0","1","0","0","0","1","Mũ thóp Luvable set 3","0","simple","","","","",""
"admin","base","Đồ sơ sinh","simple","","T30CARTS2","0","Set 2 đôi tất Carter","","Use config","Use config","Use config","","","","","","","No layout updates","Product Info Column","No","No","","1","40000","","","","Enabled","Catalog, Search","No","Taxable Goods","No","","","","1","1","1","","","","","","","","","","","1","1","0","0","1","1","1","0","1","1","","","1","1","1","0","1","0","1","0","0","0","1","Set 2 đôi tất Carter","0","simple","","","","",""
"admin","base","Đồ sơ sinh","simple","","AD182CART","0","Set áo Carter dài","","Use config","Use config","Use config","","","","","","","No layout updates","Product Info Column","No","No","","1","210000","","","","Enabled","Catalog, Search","No","Taxable Goods","No","","","","1","1","1","","","","","","","","","","","1","1","0","0","1","1","1","0","1","1","","","1","1","1","0","1","0","1","0","0","0","1","Set áo Carter dài","0","simple","","","","",""
"admin","base","Đồ sơ sinh","simple","","BO155CART","0","Set bộ Carter dài","","Use config","Use config","Use config","","","","","","","No layout updates","Product Info Column","No","No","","1","200000","","","","Enabled","Catalog, Search","No","Taxable Goods","No","","","","1","1","1","","","","","","","","","","","1","1","0","0","1","1","1","0","1","1","","","1","1","1","0","1","0","1","0","0","0","1","Set bộ Carter dài","0","simple","","","","",""
"admin","base","Đồ sơ sinh","simple","","BODB145CART","0","Set body Carter dài đóng bỉm","","Use config","Use config","Use config","","","","","","","No layout updates","Product Info Column","No","No","","1","180000","","","","Enabled","Catalog, Search","No","Taxable Goods","No","","","","1","1","1","","","","","","","","","","","1","1","0","0","1","1","1","0","1","1","","","1","1","1","0","1","0","1","0","0","0","1","Set body Carter dài đóng bỉm","0","simple","","","","",""
"admin","base","Đồ sơ sinh","simple","","BONEXTT152CART","0","Set body Carter túi lưới kèm tất","","Use config","Use config","Use config","","","","","","","No layout updates","Product Info Column","No","No","","1","200000","","","","Enabled","Catalog, Search","No","Taxable Goods","No","","","","1","1","1","","","","","","","","","","","1","1","0","0","1","1","1","0","1","1","","","1","1","1","0","1","0","1","0","0","0","1","Set body Carter túi lưới kèm tất","0","simple","","","","",""
"admin","base","Đồ sơ sinh","simple","","BONEXTQ160CART","0","Set body Next dài liền quần","","Use config","Use config","Use config","","","","","","","No layout updates","Product Info Column","No","No","","1","200000","","","","Enabled","Catalog, Search","No","Taxable Goods","No","","","","1","1","1","","","","","","","","","","","1","1","0","0","1","1","1","0","1","1","","","1","1","1","0","1","0","1","0","0","0","1","Set body Next dài liền quần","0","simple","","","","",""
"admin","base","Đồ sơ sinh","simple","","KTX70JA","0","Set khăn tắm xô Nhật","","Use config","Use config","Use config","","","","","","","No layout updates","Product Info Column","No","No","","1","90000","","","","Enabled","Catalog, Search","No","Taxable Goods","No","","","","1","1","1","","","","","","","","","","","1","1","0","0","1","1","1","0","1","1","","","1","1","1","0","1","0","1","0","0","0","1","Set khăn tắm xô Nhật","0","simple","","","","",""
"admin","base","Đồ sơ sinh","simple","","QD170CART","0","Set quần Carter dài","","Use config","Use config","Use config","","","","","","","No layout updates","Product Info Column","No","No","","1","200000","","","","Enabled","Catalog, Search","No","Taxable Goods","No","","","","1","1","1","","","","","","","","","","","1","1","0","0","1","1","1","0","1","1","","","1","1","1","0","1","0","1","0","0","0","1","Set quần Carter dài","0","simple","","","","",""
"admin","base","Đồ sơ sinh","simple","","BTC30CART","0","Set tất + bao tay siêu kute Carter","","Use config","Use config","Use config","","","","","","","No layout updates","Product Info Column","No","No","","1","45000","","","","Enabled","Catalog, Search","No","Taxable Goods","No","","","","1","1","1","","","","","","","","","","","1","1","0","0","1","1","1","0","1","1","","","1","1","1","0","1","0","1","0","0","0","1","Set tất + bao tay siêu kute Carter","0","simple","","","","",""
"admin","base","Đồ sơ sinh","simple","","TU2005CT","0","Set túi 5 chi tiết","","Use config","Use config","Use config","","","","","","","No layout updates","Product Info Column","No","No","","1","230000","","","","Enabled","Catalog, Search","No","Taxable Goods","No","","","","1","1","1","","","","","","","","","","","1","1","0","0","1","1","1","0","1","1","","","1","1","1","0","1","0","1","0","0","0","1","Set túi 5 chi tiết","0","simple","","","","",""
"admin","base","Đồ sơ sinh","simple","","TC100BM","0","Tã chéo Bảo Minh","","Use config","Use config","Use config","","","","","","","No layout updates","Product Info Column","No","No","","1","130000","","","","Enabled","Catalog, Search","No","Taxable Goods","No","","","","1","1","1","","","","","","","","","","","1","1","0","0","1","1","1","0","1","1","","","1","1","1","0","1","0","1","0","0","0","1","Tã chéo Bảo Minh","0","simple","","","","",""
"admin","base","Đồ sơ sinh","simple","","TCH50R","0","Tã chéo hoa rẻ","","Use config","Use config","Use config","","","","","","","No layout updates","Product Info Column","No","No","","1","65000","","","","Enabled","Catalog, Search","No","Taxable Goods","No","","","","1","1","1","","","","","","","","","","","1","1","0","0","1","1","1","0","1","1","","","1","1","1","0","1","0","1","0","0","0","1","Tã chéo hoa rẻ","0","simple","","","","",""
"admin","base","Đồ sơ sinh","simple","","TC60KIT","0","Tã chéo kitty thường","","Use config","Use config","Use config","","","","","","","No layout updates","Product Info Column","No","No","","1","70000","","","","Enabled","Catalog, Search","No","Taxable Goods","No","","","","1","1","1","","","","","","","","","","","1","1","0","0","1","1","1","0","1","1","","","1","1","1","0","1","0","1","0","0","0","1","Tã chéo kitty thường","0","simple","","","","",""
"admin","base","Đồ sơ sinh","simple","","TD10.5LEO","0","Tã dán Leoo 3","","Use config","Use config","Use config","","","","","","","No layout updates","Product Info Column","No","No","","1","14000","","","","Enabled","Catalog, Search","No","Taxable Goods","No","","","","1","1","1","","","","","","","","","","","1","1","0","0","1","1","1","0","1","1","","","1","1","1","0","1","0","1","0","0","0","1","Tã dán Leoo 3","0","simple","","","","",""
"admin","base","Đồ sơ sinh","simple","","TV70","0","Tã vuông","","Use config","Use config","Use config","","","","","","","No layout updates","Product Info Column","No","No","","1","80000","","","","Enabled","Catalog, Search","No","Taxable Goods","No","","","","1","1","1","","","","","","","","","","","1","1","0","0","1","1","1","0","1","1","","","1","1","1","0","1","0","1","0","0","0","1","Tã vuông","0","simple","","","","",""
"admin","base","Đồ sơ sinh","simple","","TX43X","0","Tã xô đẹp","","Use config","Use config","Use config","","","","","","","No layout updates","Product Info Column","No","No","","1","55000","","","","Enabled","Catalog, Search","No","Taxable Goods","No","","","","1","1","1","","","","","","","","","","","1","1","0","0","1","1","1","0","1","1","","","1","1","1","0","1","0","1","0","0","0","1","Tã xô đẹp","0","simple","","","","",""
"admin","base","Đồ sơ sinh","simple","","LOT4BB","0","Tấm lót bibi Mỹ Hưng","","Use config","Use config","Use config","","","","","","","No layout updates","Product Info Column","No","No","","1","9000","","","","Enabled","Catalog, Search","No","Taxable Goods","No","","","","1","1","1","","","","","","","","","","","1","1","0","0","1","1","1","0","1","1","","","1","1","1","0","1","0","1","0","0","0","1","Tấm lót bibi Mỹ Hưng","0","simple","","","","",""
"admin","base","Đồ sơ sinh","simple","","TBC13.5","0","Tất bàn cờ Anh","","Use config","Use config","Use config","","","","","","","No layout updates","Product Info Column","No","No","","1","17000","","","","Enabled","Catalog, Search","No","Taxable Goods","No","","","","1","1","1","","","","","","","","","","","1","1","0","0","1","1","1","0","1","1","","","1","1","1","0","1","0","1","0","0","0","1","Tất bàn cờ Anh","0","simple","","","","",""
"admin","base","Đồ sơ sinh","simple","","TDM13.5","0","Tất bàn đám mây","","Use config","Use config","Use config","","","","","","","No layout updates","Product Info Column","No","No","","1","17000","","","","Enabled","Catalog, Search","No","Taxable Goods","No","","","","1","1","1","","","","","","","","","","","1","1","0","0","1","1","1","0","1","1","","","1","1","1","0","1","0","1","0","0","0","1","Tất bàn đám mây","0","simple","","","","",""
"admin","base","Đồ sơ sinh","simple","","TT5.5BE","0","Thìa Thái bé","","Use config","Use config","Use config","","","","","","","No layout updates","Product Info Column","No","No","","1","8000","","","","Enabled","Catalog, Search","No","Taxable Goods","No","","","","1","1","1","","","","","","","","","","","1","1","0","0","1","1","1","0","1","1","","","1","1","1","0","1","0","1","0","0","0","1","Thìa Thái bé","0","simple","","","","",""
"admin","base","Đồ sơ sinh","simple","","TT8NGAN","0","Thìa Thái ngắn có tem","","Use config","Use config","Use config","","","","","","","No layout updates","Product Info Column","No","No","","1","15000","","","","Enabled","Catalog, Search","No","Taxable Goods","No","","","","1","1","1","","","","","","","","","","","1","1","0","0","1","1","1","0","1","1","","","1","1","1","0","1","0","1","0","0","0","1","Thìa Thái ngắn có tem","0","simple","","","","",""
"admin","base","Đồ sơ sinh","simple","","TNKD70","0","Thú nhạc kéo đuôi","","Use config","Use config","Use config","","","","","","","No layout updates","Product Info Column","No","No","","1","90000","","","","Enabled","Catalog, Search","No","Taxable Goods","No","","","","1","1","1","","","","","","","","","","","1","1","0","0","1","1","1","0","1","1","","","1","1","1","0","1","0","1","0","0","0","1","Thú nhạc kéo đuôi","0","simple","","","","",""
"admin","base","Đồ sơ sinh","simple","","TUL32HSP","0","Tưa lưỡi","","Use config","Use config","Use config","","","","","","","No layout updates","Product Info Column","No","No","","1","4500","","","","Enabled","Catalog, Search","No","Taxable Goods","No","","","","1","1","1","","","","","","","","","","","1","1","0","0","1","1","1","0","1","1","","","1","1","1","0","1","0","1","0","0","0","1","Tưa lưỡi","0","simple","","","","",""
"admin","base","Đồ sơ sinh","simple","","YD21CART","0","Yếm Carter dán","","Use config","Use config","Use config","","","","","","","No layout updates","Product Info Column","No","No","","1","25000","","","","Enabled","Catalog, Search","No","Taxable Goods","No","","","","1","1","1","","","","","","","","","","","1","1","0","0","1","1","1","0","1","1","","","1","1","1","0","1","0","1","0","0","0","1","Yếm Carter dán","0","simple","","","","",""
"admin","base","Đồ sơ sinh","simple","","YC12THT","0","Yếm chui 2","","Use config","Use config","Use config","","","","","","","No layout updates","Product Info Column","No","No","","1","17000","","","","Enabled","Catalog, Search","No","Taxable Goods","No","","","","1","1","1","","","","","","","","","","","1","1","0","0","1","1","1","0","1","1","","","1","1","1","0","1","0","1","0","0","0","1","Yếm chui 2","0","simple","","","","",""
"admin","base","Đồ sơ sinh","simple","","YBD9JOU","0","Yếm Jou buộc dây 2","","Use config","Use config","Use config","","","","","","","No layout updates","Product Info Column","No","No","","1","14000","","","","Enabled","Catalog, Search","No","Taxable Goods","No","","","","1","1","1","","","","","","","","","","","1","1","0","0","1","1","1","0","1","1","","","1","1","1","0","1","0","1","0","0","0","1","Yếm Jou buộc dây 2","0","simple","","","","",""
"admin","base","Đồ sơ sinh","simple","","YXN14.5JOU","0","Yếm Jou xỏ nách cotton 2","","Use config","Use config","Use config","","","","","","","No layout updates","Product Info Column","No","No","","1","20000","","","","Enabled","Catalog, Search","No","Taxable Goods","No","","","","1","1","1","","","","","","","","","","","1","1","0","0","1","1","1","0","1","1","","","1","1","1","0","1","0","1","0","0","0","1","Yếm Jou xỏ nách cotton 2","0","simple","","","","",""
"admin","base","Đồ sơ sinh","simple","","ACCG34MIO6","0","Áo cộc cúc giữa 6m","","Use config","Use config","Use config","","","","","","","No layout updates","Product Info Column","No","No","","1","5000","","","","Enabled","Catalog, Search","No","Taxable Goods","No","","","","1","1","1","","","","","","","","","","","1","1","0","0","1","1","1","0","1","1","","","1","1","1","0","1","0","1","0","0","0","1","Áo cộc cúc giữa 6m","0","simple","","","","",""
"admin","base","Đồ sơ sinh","simple","","ACCG36MIO12","0","Áo cộc cúc giữa 12m","","Use config","Use config","Use config","","","","","","","No layout updates","Product Info Column","No","No","","1","5000","","","","Enabled","Catalog, Search","No","Taxable Goods","No","","","","1","1","1","","","","","","","","","","","1","1","0","0","1","1","1","0","1","1","","","1","1","1","0","1","0","1","0","0","0","1","Áo cộc cúc giữa 12m","0","simple","","","","",""
"admin","base","Đồ sơ sinh","simple","","ACCG39MIO18","0","Áo cộc cúc giữa 18m","","Use config","Use config","Use config","","","","","","","No layout updates","Product Info Column","No","No","","1","5000","","","","Enabled","Catalog, Search","No","Taxable Goods","No","","","","1","1","1","","","","","","","","","","","1","1","0","0","1","1","1","0","1","1","","","1","1","1","0","1","0","1","0","0","0","1","Áo cộc cúc giữa 18m","0","simple","","","","",""
"admin","base","Đồ sơ sinh","simple","","ACCG42MIO24","0","Áo cộc cúc giữa 24m","","Use config","Use config","Use config","","","","","","","No layout updates","Product Info Column","No","No","","1","5000","","","","Enabled","Catalog, Search","No","Taxable Goods","No","","","","1","1","1","","","","","","","","","","","1","1","0","0","1","1","1","0","1","1","","","1","1","1","0","1","0","1","0","0","0","1","Áo cộc cúc giữa 24m","0","simple","","","","",""
"admin","base","Đồ sơ sinh","simple","","ADM31MIO1","0","Áo ss dài mỏng 1m","","Use config","Use config","Use config","","","","","","","No layout updates","Product Info Column","No","No","","1","5000","","","","Enabled","Catalog, Search","No","Taxable Goods","No","","","","1","1","1","","","","","","","","","","","1","1","0","0","1","1","1","0","1","1","","","1","1","1","0","1","0","1","0","0","0","1","Áo ss dài mỏng 1m","0","simple","","","","",""
"admin","base","Đồ sơ sinh","simple","","ADM33MIO3","0","Áo ss dài mỏng 3m","","Use config","Use config","Use config","","","","","","","No layout updates","Product Info Column","No","No","","1","5000","","","","Enabled","Catalog, Search","No","Taxable Goods","No","","","","1","1","1","","","","","","","","","","","1","1","0","0","1","1","1","0","1","1","","","1","1","1","0","1","0","1","0","0","0","1","Áo ss dài mỏng 3m","0","simple","","","","",""
"admin","base","Đồ sơ sinh","simple","","ADM36MIO6","0","Áo ss dài mỏng 6m","","Use config","Use config","Use config","","","","","","","No layout updates","Product Info Column","No","No","","1","5000","","","","Enabled","Catalog, Search","No","Taxable Goods","No","","","","1","1","1","","","","","","","","","","","1","1","0","0","1","1","1","0","1","1","","","1","1","1","0","1","0","1","0","0","0","1","Áo ss dài mỏng 6m","0","simple","","","","",""
"admin","base","Đồ sơ sinh","simple","","ADM38MIO12","0","Áo ss dài mỏng 12m","","Use config","Use config","Use config","","","","","","","No layout updates","Product Info Column","No","No","","1","5000","","","","Enabled","Catalog, Search","No","Taxable Goods","No","","","","1","1","1","","","","","","","","","","","1","1","0","0","1","1","1","0","1","1","","","1","1","1","0","1","0","1","0","0","0","1","Áo ss dài mỏng 12m","0","simple","","","","",""
"admin","base","Đồ sơ sinh","simple","","AD39MIO1","0","Áo ss dày 1m","","Use config","Use config","Use config","","","","","","","No layout updates","Product Info Column","No","No","","1","5000","","","","Enabled","Catalog, Search","No","Taxable Goods","No","","","","1","1","1","","","","","","","","","","","1","1","0","0","1","1","1","0","1","1","","","1","1","1","0","1","0","1","0","0","0","1","Áo ss dày 1m","0","simple","","","","",""
"admin","base","Đồ sơ sinh","simple","","AD42MIO3","0","Áo ss dày 3m","","Use config","Use config","Use config","","","","","","","No layout updates","Product Info Column","No","No","","1","5000","","","","Enabled","Catalog, Search","No","Taxable Goods","No","","","","1","1","1","","","","","","","","","","","1","1","0","0","1","1","1","0","1","1","","","1","1","1","0","1","0","1","0","0","0","1","Áo ss dày 3m","0","simple","","","","",""
"admin","base","Đồ sơ sinh","simple","","AD45MIO6","0","Áo ss dày 6m","","Use config","Use config","Use config","","","","","","","No layout updates","Product Info Column","No","No","","1","5000","","","","Enabled","Catalog, Search","No","Taxable Goods","No","","","","1","1","1","","","","","","","","","","","1","1","0","0","1","1","1","0","1","1","","","1","1","1","0","1","0","1","0","0","0","1","Áo ss dày 6m","0","simple","","","","",""
"admin","base","Đồ sơ sinh","simple","","AD48MIO12","0","Áo ss dày 12m","","Use config","Use config","Use config","","","","","","","No layout updates","Product Info Column","No","No","","1","5000","","","","Enabled","Catalog, Search","No","Taxable Goods","No","","","","1","1","1","","","","","","","","","","","1","1","0","0","1","1","1","0","1","1","","","1","1","1","0","1","0","1","0","0","0","1","Áo ss dày 12m","0","simple","","","","",""
"admin","base","Đồ sơ sinh","simple","","BT13MIO","0","Bao tay mio bèo ","","Use config","Use config","Use config","","","","","","","No layout updates","Product Info Column","No","No","","1","10000","","","","Enabled","Catalog, Search","No","Taxable Goods","No","","","","1","1","1","","","","","","","","","","","1","1","0","0","1","1","1","0","1","1","","","1","1","1","0","1","0","1","0","0","0","1","Bao tay mio bèo ","0","simple","","","","",""
"admin","base","Đồ sơ sinh","simple","","BC13MIO","0","Bao chân Mio bèo","","Use config","Use config","Use config","","","","","","","No layout updates","Product Info Column","No","No","","1","10000","","","","Enabled","Catalog, Search","No","Taxable Goods","No","","","","1","1","1","","","","","","","","","","","1","1","0","0","1","1","1","0","1","1","","","1","1","1","0","1","0","1","0","0","0","1","Bao chân Mio bèo","0","simple","","","","",""
"admin","base","Đồ sơ sinh","simple","","QD66MIO6","0","Quần đùi 6m","","Use config","Use config","Use config","","","","","","","No layout updates","Product Info Column","No","No","","1","3000","","","","Enabled","Catalog, Search","No","Taxable Goods","No","","","","1","1","1","","","","","","","","","","","1","1","0","0","1","1","1","0","1","1","","","1","1","1","0","1","0","1","0","0","0","1","Quần đùi 6m","0","simple","","","","",""
"admin","base","Đồ sơ sinh","simple","","QD73MIO12.1","0","Quần đùi 12m","","Use config","Use config","Use config","","","","","","","No layout updates","Product Info Column","No","No","","1","3000","","","","Enabled","Catalog, Search","No","Taxable Goods","No","","","","1","1","1","","","","","","","","","","","1","1","0","0","1","1","1","0","1","1","","","1","1","1","0","1","0","1","0","0","0","1","Quần đùi 12m","0","simple","","","","",""
"admin","base","Đồ sơ sinh","simple","","QD73MIO12.2","0","Quần đùi 12m","","Use config","Use config","Use config","","","","","","","No layout updates","Product Info Column","No","No","","1","94500","","","","Enabled","Catalog, Search","No","Taxable Goods","No","","","","1","1","1","","","","","","","","","","","1","1","0","0","1","1","1","0","1","1","","","1","1","1","0","1","0","1","0","0","0","1","Quần đùi 12m","0","simple","","","","",""
"admin","base","Đồ sơ sinh","simple","","QD78MIO18","0","Quần đùi 18m","","Use config","Use config","Use config","","","","","","","No layout updates","Product Info Column","No","No","","1","3000","","","","Enabled","Catalog, Search","No","Taxable Goods","No","","","","1","1","1","","","","","","","","","","","1","1","0","0","1","1","1","0","1","1","","","1","1","1","0","1","0","1","0","0","0","1","Quần đùi 18m","0","simple","","","","",""
"admin","base","Đồ sơ sinh","simple","","QD82MIO24","0","Quần đùi 24m","","Use config","Use config","Use config","","","","","","","No layout updates","Product Info Column","No","No","","1","3000","","","","Enabled","Catalog, Search","No","Taxable Goods","No","","","","1","1","1","","","","","","","","","","","1","1","0","0","1","1","1","0","1","1","","","1","1","1","0","1","0","1","0","0","0","1","Quần đùi 24m","0","simple","","","","",""
"admin","base","Đồ sơ sinh","simple","","QDM72MIO1","0","Quần ss dài mỏng 1m","","Use config","Use config","Use config","","","","","","","No layout updates","Product Info Column","No","No","","1","3000","","","","Enabled","Catalog, Search","No","Taxable Goods","No","","","","1","1","1","","","","","","","","","","","1","1","0","0","1","1","1","0","1","1","","","1","1","1","0","1","0","1","0","0","0","1","Quần ss dài mỏng 1m","0","simple","","","","",""
"admin","base","Đồ sơ sinh","simple","","QDM78MIO3","0","Quần ss dài mỏng 3m","","Use config","Use config","Use config","","","","","","","No layout updates","Product Info Column","No","No","","1","103500","","","","Enabled","Catalog, Search","No","Taxable Goods","No","","","","1","1","1","","","","","","","","","","","1","1","0","0","1","1","1","0","1","1","","","1","1","1","0","1","0","1","0","0","0","1","Quần ss dài mỏng 3m","0","simple","","","","",""
"admin","base","Đồ sơ sinh","simple","","QDM84MIO6","0","Quần ss dài mỏng 6m","","Use config","Use config","Use config","","","","","","","No layout updates","Product Info Column","No","No","","1","111000","","","","Enabled","Catalog, Search","No","Taxable Goods","No","","","","1","1","1","","","","","","","","","","","1","1","0","0","1","1","1","0","1","1","","","1","1","1","0","1","0","1","0","0","0","1","Quần ss dài mỏng 6m","0","simple","","","","",""
"admin","base","Đồ sơ sinh","simple","","QDM89MIO12","0","quần ss dài mỏng 12m","","Use config","Use config","Use config","","","","","","","No layout updates","Product Info Column","No","No","","1","3000","","","","Enabled","Catalog, Search","No","Taxable Goods","No","","","","1","1","1","","","","","","","","","","","1","1","0","0","1","1","1","0","1","1","","","1","1","1","0","1","0","1","0","0","0","1","quần ss dài mỏng 12m","0","simple","","","","",""
"admin","base","Đồ sơ sinh","simple","","QDAY86MIO1","0","Quần ss dày 1m","","Use config","Use config","Use config","","","","","","","No layout updates","Product Info Column","No","No","","1","3000","","","","Enabled","Catalog, Search","No","Taxable Goods","No","","","","1","1","1","","","","","","","","","","","1","1","0","0","1","1","1","0","1","1","","","1","1","1","0","1","0","1","0","0","0","1","Quần ss dày 1m","0","simple","","","","",""
"admin","base","Đồ sơ sinh","simple","","QDAY92MIO3","0","Quần ss dày 3m","","Use config","Use config","Use config","","","","","","","No layout updates","Product Info Column","No","No","","1","3000","","","","Enabled","Catalog, Search","No","Taxable Goods","No","","","","1","1","1","","","","","","","","","","","1","1","0","0","1","1","1","0","1","1","","","1","1","1","0","1","0","1","0","0","0","1","Quần ss dày 3m","0","simple","","","","",""
"admin","base","Đồ sơ sinh","simple","","QDAY99MIO6","0","Quần ss dày 6m","","Use config","Use config","Use config","","","","","","","No layout updates","Product Info Column","No","No","","1","3000","","","","Enabled","Catalog, Search","No","Taxable Goods","No","","","","1","1","1","","","","","","","","","","","1","1","0","0","1","1","1","0","1","1","","","1","1","1","0","1","0","1","0","0","0","1","Quần ss dày 6m","0","simple","","","","",""
"admin","base","Đồ sơ sinh","simple","","QDAY106MIO12","0","Quần ss dày 12m","","Use config","Use config","Use config","","","","","","","No layout updates","Product Info Column","No","No","","1","3000","","","","Enabled","Catalog, Search","No","Taxable Goods","No","","","","1","1","1","","","","","","","","","","","1","1","0","0","1","1","1","0","1","1","","","1","1","1","0","1","0","1","0","0","0","1","Quần ss dày 12m","0","simple","","","","",""
"admin","base","Đồ sơ sinh","simple","","TD81MIO1","0","Tã dán Mio 1M","","Use config","Use config","Use config","","","","","","","No layout updates","Product Info Column","No","No","","1","5000","","","","Enabled","Catalog, Search","No","Taxable Goods","No","","","","1","1","1","","","","","","","","","","","1","1","0","0","1","1","1","0","1","1","","","1","1","1","0","1","0","1","0","0","0","1","Tã dán Mio 1M","0","simple","","","","",""
"admin","base","Đồ sơ sinh","simple","","TD85MIO3","0","Tã dán Mio 3M","","Use config","Use config","Use config","","","","","","","No layout updates","Product Info Column","No","No","","1","5000","","","","Enabled","Catalog, Search","No","Taxable Goods","No","","","","1","1","1","","","","","","","","","","","1","1","0","0","1","1","1","0","1","1","","","1","1","1","0","1","0","1","0","0","0","1","Tã dán Mio 3M","0","simple","","","","",""
"admin","base","Đồ sơ sinh","simple","","QT100ST","0","Quần tất Slim tree","","Use config","Use config","Use config","","","","","","","No layout updates","Product Info Column","No","No","","1","130000","","","","Enabled","Catalog, Search","No","Taxable Goods","No","","","","1","1","1","","","","","","","","","","","1","1","0","0","1","1","1","0","1","1","","","1","1","1","0","1","0","1","0","0","0","1","Quần tất Slim tree","0","simple","","","","",""
"admin","base","Đồ sơ sinh","simple","","QT100MSVOGUE","0","Quần tất Miss Vogue SK","","Use config","Use config","Use config","","","","","","","No layout updates","Product Info Column","No","No","","1","150000","","","","Enabled","Catalog, Search","No","Taxable Goods","No","","","","1","1","1","","","","","","","","","","","1","1","0","0","1","1","1","0","1","1","","","1","1","1","0","1","0","1","0","0","0","1","Quần tất Miss Vogue SK","0","simple","","","","",""
"admin","base","Đồ sơ sinh","simple","","QT50AGLD","0","Quần tất SK Angel đen dày","","Use config","Use config","Use config","","","","","","","No layout updates","Product Info Column","No","No","","1","75000","","","","Enabled","Catalog, Search","No","Taxable Goods","No","","","","1","1","1","","","","","","","","","","","1","1","0","0","1","1","1","0","1","1","","","1","1","1","0","1","0","1","0","0","0","1","Quần tất SK Angel đen dày","0","simple","","","","",""
"admin","base","Đồ sơ sinh","simple","","QT52.5AGLM","0","Quần tất SK Angel mỏng dài","","Use config","Use config","Use config","","","","","","","No layout updates","Product Info Column","No","No","","1","80000","","","","Enabled","Catalog, Search","No","Taxable Goods","No","","","","1","1","1","","","","","","","","","","","1","1","0","0","1","1","1","0","1","1","","","1","1","1","0","1","0","1","0","0","0","1","Quần tất SK Angel mỏng dài","0","simple","","","","",""
"admin","base","Đồ sơ sinh","simple","","QT40.8FHUI","0","Quần tất Fen hui vừa da","","Use config","Use config","Use config","","","","","","","No layout updates","Product Info Column","No","No","","1","65000","","","","Enabled","Catalog, Search","No","Taxable Goods","No","","","","1","1","1","","","","","","","","","","","1","1","0","0","1","1","1","0","1","1","","","1","1","1","0","1","0","1","0","0","0","1","Quần tất Fen hui vừa da","0","simple","","","","",""
"admin","base","Đồ sơ sinh","simple","","QT21.6LIJTE","0","Quần tất Lijinh Velvet TE","","Use config","Use config","Use config","","","","","","","No layout updates","Product Info Column","No","No","","1","35000","","","","Enabled","Catalog, Search","No","Taxable Goods","No","","","","1","1","1","","","","","","","","","","","1","1","0","0","1","1","1","0","1","1","","","1","1","1","0","1","0","1","0","0","0","1","Quần tất Lijinh Velvet TE","0","simple","","","","",""
"admin","base","Đồ sơ sinh","simple","","QT23.3SABKR","0","Quần tất Sabrina dai","","Use config","Use config","Use config","","","","","","","No layout updates","Product Info Column","No","No","","1","50000","","","","Enabled","Catalog, Search","No","Taxable Goods","No","","","","1","1","1","","","","","","","","","","","1","1","0","0","1","1","1","0","1","1","","","1","1","1","0","1","0","1","0","0","0","1","Quần tất Sabrina dai","0","simple","","","","",""
"admin","base","Đồ sơ sinh","simple","","QT35.8BIAN","0","Quần tất Biancamarina","","Use config","Use config","Use config","","","","","","","No layout updates","Product Info Column","No","No","","1","60000","","","","Enabled","Catalog, Search","No","Taxable Goods","No","","","","1","1","1","","","","","","","","","","","1","1","0","0","1","1","1","0","1","1","","","1","1","1","0","1","0","1","0","0","0","1","Quần tất Biancamarina","0","simple","","","","",""
"admin","base","Đồ sơ sinh","simple","","TN28CVRSE","0","Tất nữ Converse","","Use config","Use config","Use config","","","","","","","No layout updates","Product Info Column","No","No","","1","20000","","","","Enabled","Catalog, Search","No","Taxable Goods","No","","","","1","1","1","","","","","","","","","","","1","1","0","0","1","1","1","0","1","1","","","1","1","1","0","1","0","1","0","0","0","1","Tất nữ Converse","0","simple","","","","",""
"admin","base","Đồ sơ sinh","simple","","TN6.5","0","Tất nữ cổ màu","","Use config","Use config","Use config","","","","","","","No layout updates","Product Info Column","No","No","","1","15000","","","","Enabled","Catalog, Search","No","Taxable Goods","No","","","","1","1","1","","","","","","","","","","","1","1","0","0","1","1","1","0","1","1","","","1","1","1","0","1","0","1","0","0","0","1","Tất nữ cổ màu","0","simple","","","","",""
"admin","base","Đồ sơ sinh","simple","","TNA24LEE","0","Tất nam Lee xám","","Use config","Use config","Use config","","","","","","","No layout updates","Product Info Column","No","No","","1","30000","","","","Enabled","Catalog, Search","No","Taxable Goods","No","","","","1","1","1","","","","","","","","","","","1","1","0","0","1","1","1","0","1","1","","","1","1","1","0","1","0","1","0","0","0","1","Tất nam Lee xám","0","simple","","","","",""
"admin","base","Đồ sơ sinh","simple","","TNA8.5JIHU","0","Tất nam Jinhua","","Use config","Use config","Use config","","","","","","","No layout updates","Product Info Column","No","No","","1","15000","","","","Enabled","Catalog, Search","No","Taxable Goods","No","","","","1","1","1","","","","","","","","","","","1","1","0","0","1","1","1","0","1","1","","","1","1","1","0","1","0","1","0","0","0","1","Tất nam Jinhua","0","simple","","","","",""
"admin","base","Đồ sơ sinh","simple","","TNA10AODANSI","0","Tất nam Aodansi","","Use config","Use config","Use config","","","","","","","No layout updates","Product Info Column","No","No","","1","20000","","","","Enabled","Catalog, Search","No","Taxable Goods","No","","","","1","1","1","","","","","","","","","","","1","1","0","0","1","1","1","0","1","1","","","1","1","1","0","1","0","1","0","0","0","1","Tất nam Aodansi","0","simple","","","","",""
"admin","base","Đồ sơ sinh","simple","","TN8C.ON","0","Tất da chân nữ Comon","","Use config","Use config","Use config","","","","","","","No layout updates","Product Info Column","No","No","","1","10000","","","","Enabled","Catalog, Search","No","Taxable Goods","No","","","","1","1","1","","","","","","","","","","","1","1","0","0","1","1","1","0","1","1","","","1","1","1","0","1","0","1","0","0","0","1","Tất da chân nữ Comon","0","simple","","","","",""
"admin","base","Đồ sơ sinh","simple","","TN2T","0","Tất da chân nữ thường","","Use config","Use config","Use config","","","","","","","No layout updates","Product Info Column","No","No","","1","4000","","","","Enabled","Catalog, Search","No","Taxable Goods","No","","","","1","1","1","","","","","","","","","","","1","1","0","0","1","1","1","0","1","1","","","1","1","1","0","1","0","1","0","0","0","1","Tất da chân nữ thường","0","simple","","","","",""
"admin","base","Đồ sơ sinh","simple","","GTN36LISA","0","Găng tay nữ Lisa","","Use config","Use config","Use config","","","","","","","No layout updates","Product Info Column","No","No","","1","55000","","","","Enabled","Catalog, Search","No","Taxable Goods","No","","","","1","1","1","","","","","","","","","","","1","1","0","0","1","1","1","0","1","1","","","1","1","1","0","1","0","1","0","0","0","1","Găng tay nữ Lisa","0","simple","","","","",""
"admin","base","Đồ sơ sinh","simple","","GTN45NO","0","Găng nữ cổ nơ","","Use config","Use config","Use config","","","","","","","No layout updates","Product Info Column","No","No","","1","65000","","","","Enabled","Catalog, Search","No","Taxable Goods","No","","","","1","1","1","","","","","","","","","","","1","1","0","0","1","1","1","0","1","1","","","1","1","1","0","1","0","1","0","0","0","1","Găng nữ cổ nơ","0","simple","","","","",""
"admin","base","Đồ sơ sinh","simple","","GTN23LEN","0","Găng len nữ","","Use config","Use config","Use config","","","","","","","No layout updates","Product Info Column","No","No","","1","38000","","","","Enabled","Catalog, Search","No","Taxable Goods","No","","","","1","1","1","","","","","","","","","","","1","1","0","0","1","1","1","0","1","1","","","1","1","1","0","1","0","1","0","0","0","1","Găng len nữ","0","simple","","","","",""
"admin","base","Đồ sơ sinh","simple","","GTNA15LEN","0","Găng len nam","","Use config","Use config","Use config","","","","","","","No layout updates","Product Info Column","No","No","","1","25000","","","","Enabled","Catalog, Search","No","Taxable Goods","No","","","","1","1","1","","","","","","","","","","","1","1","0","0","1","1","1","0","1","1","","","1","1","1","0","1","0","1","0","0","0","1","Găng len nam","0","simple","","","","",""
"admin","base","Đồ sơ sinh","simple","","BD30X","0","Bờm đá đẹp","","Use config","Use config","Use config","","","","","","","No layout updates","Product Info Column","No","No","","1","55000","","","","Enabled","Catalog, Search","No","Taxable Goods","No","","","","1","1","1","","","","","","","","","","","1","1","0","0","1","1","1","0","1","1","","","1","1","1","0","1","0","1","0","0","0","1","Bờm đá đẹp","0","simple","","","","",""
"admin","base","Đồ sơ sinh","simple","","BD25T","0","Bờm đính đá thường","","Use config","Use config","Use config","","","","","","","No layout updates","Product Info Column","No","No","","1","40000","","","","Enabled","Catalog, Search","No","Taxable Goods","No","","","","1","1","1","","","","","","","","","","","1","1","0","0","1","1","1","0","1","1","","","1","1","1","0","1","0","1","0","0","0","1","Bờm đính đá thường","0","simple","","","","",""
"admin","base","Đồ sơ sinh","simple","","CTD28N","0","Cặp tóc đá nhỏ","","Use config","Use config","Use config","","","","","","","No layout updates","Product Info Column","No","No","","1","35000","","","","Enabled","Catalog, Search","No","Taxable Goods","No","","","","1","1","1","","","","","","","","","","","1","1","0","0","1","1","1","0","1","1","","","1","1","1","0","1","0","1","0","0","0","1","Cặp tóc đá nhỏ","0","simple","","","","",""
"admin","base","Đồ sơ sinh","simple","","CTD25T","0","Cặp tóc đá thường","","Use config","Use config","Use config","","","","","","","No layout updates","Product Info Column","No","No","","1","30000","","","","Enabled","Catalog, Search","No","Taxable Goods","No","","","","1","1","1","","","","","","","","","","","1","1","0","0","1","1","1","0","1","1","","","1","1","1","0","1","0","1","0","0","0","1","Cặp tóc đá thường","0","simple","","","","",""
"admin","base","Đồ sơ sinh","simple","","CTD36X","0","Cặp tóc đá đẹp","","Use config","Use config","Use config","","","","","","","No layout updates","Product Info Column","No","No","","1","60000","","","","Enabled","Catalog, Search","No","Taxable Goods","No","","","","1","1","1","","","","","","","","","","","1","1","0","0","1","1","1","0","1","1","","","1","1","1","0","1","0","1","0","0","0","1","Cặp tóc đá đẹp","0","simple","","","","",""
"admin","base","Đồ sơ sinh","simple","","CT1.6","0","Chun tóc + túi nilong","","Use config","Use config","Use config","","","","","","","No layout updates","Product Info Column","No","No","","1","4000","","","","Enabled","Catalog, Search","No","Taxable Goods","No","","","","1","1","1","","","","","","","","","","","1","1","0","0","1","1","1","0","1","1","","","1","1","1","0","1","0","1","0","0","0","1","Chun tóc + túi nilong","0","simple","","","","",""
"admin","base","Đồ sơ sinh","simple","","KTTE2DN","0","Khẩu trang TE DN","","Use config","Use config","Use config","","","","","","","No layout updates","Product Info Column","No","No","","1","3000","","","","Enabled","Catalog, Search","No","Taxable Goods","No","","","","1","1","1","","","","","","","","","","","1","1","0","0","1","1","1","0","1","1","","","1","1","1","0","1","0","1","0","0","0","1","Khẩu trang TE DN","0","simple","","","","",""
"admin","base","Đồ sơ sinh","simple","","KTKE2.8DN","0","Khẩu trang kẻ DN","","Use config","Use config","Use config","","","","","","","No layout updates","Product Info Column","No","No","","1","7000","","","","Enabled","Catalog, Search","No","Taxable Goods","No","","","","1","1","1","","","","","","","","","","","1","1","0","0","1","1","1","0","1","1","","","1","1","1","0","1","0","1","0","0","0","1","Khẩu trang kẻ DN","0","simple","","","","",""
"admin","base","Đồ sơ sinh","simple","","KTTAO3.5DN","0","Khẩu trang táo DN","","Use config","Use config","Use config","","","","","","","No layout updates","Product Info Column","No","No","","1","10000","","","","Enabled","Catalog, Search","No","Taxable Goods","No","","","","1","1","1","","","","","","","","","","","1","1","0","0","1","1","1","0","1","1","","","1","1","1","0","1","0","1","0","0","0","1","Khẩu trang táo DN","0","simple","","","","",""
"admin","base","Đồ sơ sinh","simple","","AMTE50RKD3","0","Áo mưa Rakodo TE số 3","","Use config","Use config","Use config","","","","","","","No layout updates","Product Info Column","No","No","","1","65000","","","","Enabled","Catalog, Search","No","Taxable Goods","No","","","","1","1","1","","","","","","","","","","","1","1","0","0","1","1","1","0","1","1","","","1","1","1","0","1","0","1","0","0","0","1","Áo mưa Rakodo TE số 3","0","simple","","","","",""
"admin","base","Đồ sơ sinh","simple","","AMTE48RKD2","0","Áo mưa Rakodo TE số 2","","Use config","Use config","Use config","","","","","","","No layout updates","Product Info Column","No","No","","1","62000","","","","Enabled","Catalog, Search","No","Taxable Goods","No","","","","1","1","1","","","","","","","","","","","1","1","0","0","1","1","1","0","1","1","","","1","1","1","0","1","0","1","0","0","0","1","Áo mưa Rakodo TE số 2","0","simple","","","","",""
"admin","base","Đồ sơ sinh","simple","","AM4.5TD","0","Áo mưa màu Thành Đạt","","Use config","Use config","Use config","","","","","","","No layout updates","Product Info Column","No","No","","1","10000","","","","Enabled","Catalog, Search","No","Taxable Goods","No","","","","1","1","1","","","","","","","","","","","1","1","0","0","1","1","1","0","1","1","","","1","1","1","0","1","0","1","0","0","0","1","Áo mưa màu Thành Đạt","0","simple","","","","",""
"admin","base","Đồ sơ sinh","simple","","AMTE35VT1","0","Áo mưa TE Vĩnh Tiến số 1","","Use config","Use config","Use config","","","","","","","No layout updates","Product Info Column","No","No","","1","45000","","","","Enabled","Catalog, Search","No","Taxable Goods","No","","","","1","1","1","","","","","","","","","","","1","1","0","0","1","1","1","0","1","1","","","1","1","1","0","1","0","1","0","0","0","1","Áo mưa TE Vĩnh Tiến số 1","0","simple","","","","",""
"admin","base","Đồ sơ sinh","simple","","AM16.5HD","0","Áo mưa Hải Đăng","","Use config","Use config","Use config","","","","","","","No layout updates","Product Info Column","No","No","","1","27000","","","","Enabled","Catalog, Search","No","Taxable Goods","No","","","","1","1","1","","","","","","","","","","","1","1","0","0","1","1","1","0","1","1","","","1","1","1","0","1","0","1","0","0","0","1","Áo mưa Hải Đăng","0","simple","","","","",""
"admin","base","Đồ sơ sinh","simple","","AMB16TD","0","Áo mưa bộ Thành Đạt","","Use config","Use config","Use config","","","","","","","No layout updates","Product Info Column","No","No","","1","25000","","","","Enabled","Catalog, Search","No","Taxable Goods","No","","","","1","1","1","","","","","","","","","","","1","1","0","0","1","1","1","0","1","1","","","1","1","1","0","1","0","1","0","0","0","1","Áo mưa bộ Thành Đạt","0","simple","","","","",""
"admin","base","Đồ sơ sinh","simple","","AM1D74","0","Áo mưa một đầu","","Use config","Use config","Use config","","","","","","","No layout updates","Product Info Column","No","No","","1","90000","","","","Enabled","Catalog, Search","No","Taxable Goods","No","","","","1","1","1","","","","","","","","","","","1","1","0","0","1","1","1","0","1","1","","","1","1","1","0","1","0","1","0","0","0","1","Áo mưa một đầu","0","simple","","","","",""
"admin","base","Đồ sơ sinh","simple","","AM2D85","0","Áo mưa 2 đầu","","Use config","Use config","Use config","","","","","","","No layout updates","Product Info Column","No","No","","1","100000","","","","Enabled","Catalog, Search","No","Taxable Goods","No","","","","1","1","1","","","","","","","","","","","1","1","0","0","1","1","1","0","1","1","","","1","1","1","0","1","0","1","0","0","0","1","Áo mưa 2 đầu","0","simple","","","","",""
"admin","base","Đồ sơ sinh","simple","","OKE41ZHE","0","Ô kẻ Zhong he","","Use config","Use config","Use config","","","","","","","No layout updates","Product Info Column","No","No","","1","55000","","","","Enabled","Catalog, Search","No","Taxable Goods","No","","","","1","1","1","","","","","","","","","","","1","1","0","0","1","1","1","0","1","1","","","1","1","1","0","1","0","1","0","0","0","1","Ô kẻ Zhong he","0","simple","","","","",""
"admin","base","Đồ sơ sinh","simple","","OM43ZHE","0","Ô màu Zhong he","","Use config","Use config","Use config","","","","","","","No layout updates","Product Info Column","No","No","","1","65000","","","","Enabled","Catalog, Search","No","Taxable Goods","No","","","","1","1","1","","","","","","","","","","","1","1","0","0","1","1","1","0","1","1","","","1","1","1","0","1","0","1","0","0","0","1","Ô màu Zhong he","0","simple","","","","",""
"admin","base","Đồ sơ sinh","simple","","O79YUBAO","0","Ô Yubao","","Use config","Use config","Use config","","","","","","","No layout updates","Product Info Column","No","No","","1","98000","","","","Enabled","Catalog, Search","No","Taxable Goods","No","","","","1","1","1","","","","","","","","","","","1","1","0","0","1","1","1","0","1","1","","","1","1","1","0","1","0","1","0","0","0","1","Ô Yubao","0","simple","","","","",""
"admin","base","Đồ sơ sinh","simple","","SMTD60DL","0","Sơ mi dài tay da lộn","","Use config","Use config","Use config","","","","","","","No layout updates","Product Info Column","No","No","","1","130000","","","","Enabled","Catalog, Search","No","Taxable Goods","No","","","","1","1","1","","","","","","","","","","","1","1","0","0","1","1","1","0","1","1","","","1","1","1","0","1","0","1","0","0","0","1","Sơ mi dài tay da lộn","0","simple","","","","",""
"admin","base","Đồ sơ sinh","simple","","SMTD60BM","0","Sơ mi dài tay bò mềm","","Use config","Use config","Use config","","","","","","","No layout updates","Product Info Column","No","No","","1","130000","","","","Enabled","Catalog, Search","No","Taxable Goods","No","","","","1","1","1","","","","","","","","","","","1","1","0","0","1","1","1","0","1","1","","","1","1","1","0","1","0","1","0","0","0","1","Sơ mi dài tay bò mềm","0","simple","","","","",""
"admin","base","Đồ sơ sinh","simple","","SMTD60KE","0","Sơ mi họa tiết","","Use config","Use config","Use config","","","","","","","No layout updates","Product Info Column","No","No","","1","130000","","","","Enabled","Catalog, Search","No","Taxable Goods","No","","","","1","1","1","","","","","","","","","","","1","1","0","0","1","1","1","0","1","1","","","1","1","1","0","1","0","1","0","0","0","1","Sơ mi họa tiết","0","simple","","","","",""
"admin","base","Đồ sơ sinh","simple","","SMTD60HT","0","Sơ mi kẻ","","Use config","Use config","Use config","","","","","","","No layout updates","Product Info Column","No","No","","1","120000","","","","Enabled","Catalog, Search","No","Taxable Goods","No","","","","1","1","1","","","","","","","","","","","1","1","0","0","1","1","1","0","1","1","","","1","1","1","0","1","0","1","0","0","0","1","Sơ mi kẻ","0","simple","","","","",""
"admin","base","Đồ sơ sinh","simple","","QLNA0H","0","Quần lót nam hộp","","Use config","Use config","Use config","","","","","","","No layout updates","Product Info Column","No","No","","1","35000","","","","Enabled","Catalog, Search","No","Taxable Goods","No","","","","1","1","1","","","","","","","","","","","1","1","0","0","1","1","1","0","1","1","","","1","1","1","0","1","0","1","0","0","0","1","Quần lót nam hộp","0","simple","","","","",""
"admin","base","Đồ sơ sinh","simple","","QLNA0T","0","Quần lót nam thường","","Use config","Use config","Use config","","","","","","","No layout updates","Product Info Column","No","No","","1","30000","","","","Enabled","Catalog, Search","No","Taxable Goods","No","","","","1","1","1","","","","","","","","","","","1","1","0","0","1","1","1","0","1","1","","","1","1","1","0","1","0","1","0","0","0","1","Quần lót nam thường","0","simple","","","","",""
"admin","base","Đồ sơ sinh","simple","","QLNA0R","0","Quần lót nam rẻ","","Use config","Use config","Use config","","","","","","","No layout updates","Product Info Column","No","No","","1","25000","","","","Enabled","Catalog, Search","No","Taxable Goods","No","","","","1","1","1","","","","","","","","","","","1","1","0","0","1","1","1","0","1","1","","","1","1","1","0","1","0","1","0","0","0","1","Quần lót nam rẻ","0","simple","","","","",""
