"Old Path","Old URL","New URL","Associated Type","Associated ID"
/phone-accessories/,http://www.happytel.com/phone-accessories/,http://www.happytel.com/accessories/,Category,26
/iphone-car-charger/,http://www.happytel.com/iphone-car-charger/,http://www.happytel.com/iphone-5-portable-car-charger-8pin-usb-lightning-charger-mercury/,Product,77
/galaxy-note-3-n9005-screen-protector/,http://www.happytel.com/galaxy-note-3-n9005-screen-protector/,http://www.happytel.com/galaxy-note-3-screen-protector/,Category,57
/ipad-series/,http://www.happytel.com/ipad-series/,http://www.happytel.com/ipad-mini/,Category,72
/ipod-series/,http://www.happytel.com/ipod-series/,http://www.happytel.com/ipod-touch-5/,Category,73
/customer-service/,http://www.happytel.com/customer-service/,http://www.happytel.com/terms-conditions/,Page,5
/samsung-galaxy-s5-case-wallet-flip-case/,http://www.happytel.com/samsung-galaxy-s5-case-wallet-flip-case/,http://www.happytel.com/galaxy-s5-samsung-flip/,Product,87
/your-first-blog-post/,http://www.happytel.com/your-first-blog-post/,,,
/blog/otterbox-cases-for-myhappytel/,http://www.happytel.com/blog/otterbox-cases-for-myhappytel/,,,
/blog/introduction/,http://www.happytel.com/blog/introduction/,,,
/iphone-5-5s-case-belt-clip-case-1/,http://www.happytel.com/iphone-5-5s-case-belt-clip-case-1/,http://www.happytel.com/iphone-5-5s-belt-clip-2/,Product,98
/iphone-5-5s-case-lifeproof-nuud-hard-case/,http://www.happytel.com/iphone-5-5s-case-lifeproof-nuud-hard-case/,http://www.happytel.com/iphone-5-5s-case-lifeproof-fre-hard-case/,Product,146
/copy-of-galaxy-s5-cases-covers-hard-case-eureka/,http://www.happytel.com/copy-of-galaxy-s5-cases-covers-hard-case-eureka/,http://www.happytel.com/iphone-5-5s-eureka-case/,Product,154
/hd-universal-easy-one-touch-1-small/,http://www.happytel.com/hd-universal-easy-one-touch-1-small/,http://www.happytel.com/car-holder-universal-easy-one-touch-small/,Product,167
/car-holder-easy-one-touch-bike/,http://www.happytel.com/car-holder-easy-one-touch-bike/,http://www.happytel.com/bike-holder-easy-one-touch-bike/,Product,169
/car-holder-universal-easy-one-touch-xl/,http://www.happytel.com/car-holder-universal-easy-one-touch-xl/,http://www.happytel.com/car-holder-universal-easy-one-touch-large/,Product,168
/iphone-5-5s-case-wallet-case-11-h/,http://www.happytel.com/iphone-5-5s-case-wallet-case-11-h/,http://www.happytel.com/iphone-5-5s-wallet/,Product,176
/blog/shop-at-myhappytel-online/,http://www.happytel.com/blog/shop-at-myhappytel-online/,,,
/blog/on-the-spot-mobile-and-tablet-repairs-iphone-and-ipad-repairs-at-myhappytel/,http://www.happytel.com/blog/on-the-spot-mobile-and-tablet-repairs-iphone-and-ipad-repairs-at-myhappytel/,,,
/iphone-6-case-hard-case-bumper/,http://www.happytel.com/iphone-6-case-hard-case-bumper/,http://www.happytel.com/iphone-6-bumper-4/,Product,181
/blog/on-the-spot-mobile-and-tablet-repairs-iphone-and-ipad-repairs-at-happytel-retail-group/,http://www.happytel.com/blog/on-the-spot-mobile-and-tablet-repairs-iphone-and-ipad-repairs-at-happytel-retail-group/,,,
/blog/shop-at-happytel-retail-group-online/,http://www.happytel.com/blog/shop-at-happytel-retail-group-online/,,,
/happytel-store-locator/,http://www.happytel.com/happytel-store-locator/,http://www.happytel.com/store-locator-20140116/,Page,14
/copy-of-iphone-6-plus-screen-protector/,http://www.happytel.com/copy-of-iphone-6-plus-screen-protector/,http://www.happytel.com/iphone-6-plus-screen-protector-1/,Product,212
/iphone-6-plus-case-tough-air-hard-case-clear-black/,http://www.happytel.com/iphone-6-plus-case-tough-air-hard-case-clear-black/,http://www.happytel.com/iphone-6-plus-case-mate-tough-air/,Product,210
/iphone-6-plus-case-naked-tough-hard-case/,http://www.happytel.com/iphone-6-plus-case-naked-tough-hard-case/,http://www.happytel.com/iphone-6-plus-case-mate-naked-tough-clear-case/,Product,209
/iphone-5-5s-case-lifeproof-fr-hard-case/,http://www.happytel.com/iphone-5-5s-case-lifeproof-fr-hard-case/,http://www.happytel.com/iphone-5-5s-case-lifeproof-fre-hard-case/,Product,146
/testest/,http://www.happytel.com/testest/,http://www.happytel.com/test-repair/,Page,18
/store-locator-1/,http://www.happytel.com/store-locator-1/,http://www.happytel.com/store-locator-v1/,Page,12
/car-holder/,http://www.happytel.com/car-holder/,http://www.happytel.com/holder/,Category,47
/holder-universal-selfie-set/,http://www.happytel.com/holder-universal-selfie-set/,http://www.happytel.com/holder-universal-wireless-bluetooth-selfie-stick-with-camera-mobile-phone-mount/,Product,224
/holder-universal-selfie-stick-monopod/,http://www.happytel.com/holder-universal-selfie-stick-monopod/,http://www.happytel.com/holder-universal-wireless-bluetooth-selfie-stick-with-camera-mobile-phone-mount/,Product,224
/ipad-air/,http://www.happytel.com/ipad-air/,http://www.happytel.com/ipad-air-2-1/,Category,79
/iphone-5-5s-case-pink-black-wallet-case-double/,http://www.happytel.com/iphone-5-5s-case-pink-black-wallet-case-double/,http://www.happytel.com/iphone-5-5s-double/,Product,96
/iphone-6-case-bling-button-leather-case/,http://www.happytel.com/iphone-6-case-bling-button-leather-case/,http://www.happytel.com/iphone-6-bling-button-diary/,Product,228
/copy-of-ipad-mini-fancy-diary-case-fancy-diary-leather-case/,http://www.happytel.com/copy-of-ipad-mini-fancy-diary-case-fancy-diary-leather-case/,http://www.happytel.com/ipad-air-fancy-diary-case-fancy-diary-leather-case/,Product,233
/copy-of-iphone-6-case-garden-flower-leather-case/,http://www.happytel.com/copy-of-iphone-6-case-garden-flower-leather-case/,http://www.happytel.com/galaxy-s5-garden-flower/,Product,249
/ipad-4-3-2-case-leather-case-1/,http://www.happytel.com/ipad-4-3-2-case-leather-case-1/,http://www.happytel.com/ipad-4-3-2-case-leather-case-flower/,Product,251
/car-holder-easy-one-thouch-xl/,http://www.happytel.com/car-holder-easy-one-thouch-xl/,http://www.happytel.com/car-holder-easy-one-touch-xl/,Product,170
/iphone-6-case-hare-case-otter-box-symmetry/,http://www.happytel.com/iphone-6-case-hare-case-otter-box-symmetry/,http://www.happytel.com/iphone-6-otterbox-symmetry-case/,Product,225
/travel-charger-dual-2amp-home-charger/,http://www.happytel.com/travel-charger-dual-2amp-home-charger/,http://www.happytel.com/wall-charger-dual-2amp-home-charger/,Product,282
/ipad-air-case-shockproof-case/,http://www.happytel.com/ipad-air-case-shockproof-case/,http://www.happytel.com/ipad-air-1-case-shockproof-case/,Product,291
/blog/special-promotion-free-shipping/,http://www.happytel.com/blog/special-promotion-free-shipping/,,,
/blog/special-promotion-free-shipping-free-shipping-promotion-code-freeship/,http://www.happytel.com/blog/special-promotion-free-shipping-free-shipping-promotion-code-freeship/,,,
/iphone-6-case-plus-bling-button-diary-leather-case/,http://www.happytel.com/iphone-6-case-plus-bling-button-diary-leather-case/,http://www.happytel.com/iphone-6-plus-bling-button-diary/,Product,229
/copy-of-iphone-6-case-hard-case-bumper-8/,http://www.happytel.com/copy-of-iphone-6-case-hard-case-bumper-8/,http://www.happytel.com/iphone-6-plus-bumper-8-case/,Product,315
/holder-universal-wireless-bluetooth-selfie-stick-monopod-with-camera-mobile-phone-mount/,http://www.happytel.com/holder-universal-wireless-bluetooth-selfie-stick-monopod-with-camera-mobile-phone-mount/,http://www.happytel.com/holder-universal-wireless-bluetooth-selfie-stick-with-camera-mobile-phone-mount/,Product,224
/boxing-day-sale/,http://www.happytel.com/boxing-day-sale/,http://www.happytel.com/sale/,Category,15
/copy-of-iphone-6-case-golf-fit-hard-case-with-opal-card-holder/,http://www.happytel.com/copy-of-iphone-6-case-golf-fit-hard-case-with-opal-card-holder/,http://www.happytel.com/iphone-6-plus-golf-fit-case/,Product,321
/copy-of-iphone-6-plus-case-rich-diary-case/,http://www.happytel.com/copy-of-iphone-6-plus-case-rich-diary-case/,http://www.happytel.com/iphone-6-rich-diary-case/,Product,331
/iphone-5-5s-cases-covers-hard-case-eureka/,http://www.happytel.com/iphone-5-5s-cases-covers-hard-case-eureka/,http://www.happytel.com/iphone-5-5s-eureka-case/,Product,154
/iphone-6-cases-covers-hard-case-eureka/,http://www.happytel.com/iphone-6-cases-covers-hard-case-eureka/,http://www.happytel.com/iphone-6-eureka-case/,Product,334
/iphone-5-5s-plus-case-leather-case-eros/,http://www.happytel.com/iphone-5-5s-plus-case-leather-case-eros/,http://www.happytel.com/iphone-5-5s-eros-case/,Product,342
/copy-of-universal-case-candy-diary-small-size/,http://www.happytel.com/copy-of-universal-case-candy-diary-small-size/,http://www.happytel.com/universal-candy-diary-medium/,Product,353
/iphone-6-case-sensation-hard-case-opal-card-holder-phone-case/,http://www.happytel.com/iphone-6-case-sensation-hard-case-opal-card-holder-phone-case/,http://www.happytel.com/iphone-6-sensation-case/,Product,270
/iphone-6-plus-case-sensation-hard-case-opal-card-holder-phone-case/,http://www.happytel.com/iphone-6-plus-case-sensation-hard-case-opal-card-holder-phone-case/,http://www.happytel.com/iphone-6-plus-sensation-case/,Product,269
/february-event-sale/,http://www.happytel.com/february-event-sale/,http://www.happytel.com/march-event/,Category,165
/galaxy-s6-case-soft-case-galaxy-s6-clear-case/,http://www.happytel.com/galaxy-s6-case-soft-case-galaxy-s6-clear-case/,http://www.happytel.com/galaxy-s6-clear-jelly-case/,Product,371
/easter-sales-in-april/,http://www.happytel.com/easter-sales-in-april/,http://www.happytel.com/easter-sale-for-kids/,Category,182
/march-event-sale/,http://www.happytel.com/march-event-sale/,http://www.happytel.com/march-event/,Category,165
/copy-of-galaxy-note-3-case-wallet-bling-diary-case/,http://www.happytel.com/copy-of-galaxy-note-3-case-wallet-bling-diary-case/,http://www.happytel.com/iphone-4-4s-bling-diary/,Product,399
/google-nexus-cases-sale/,http://www.happytel.com/google-nexus-cases-sale/,http://www.happytel.com/google-cases-sale/,Category,204
/galaxy-s6-case-soft-case-transparent-jelly-case/,http://www.happytel.com/galaxy-s6-case-soft-case-transparent-jelly-case/,http://www.happytel.com/galaxy-s6-clear-jelly-case/,Product,371
/galaxy-s6-case-leather-case-galaxy-s6-sonata-diary/,http://www.happytel.com/galaxy-s6-case-leather-case-galaxy-s6-sonata-diary/,http://www.happytel.com/galaxy-s6-sonata-diary/,Product,369
/galaxy-s6-case-hard-case-otter-box-symmetry/,http://www.happytel.com/galaxy-s6-case-hard-case-otter-box-symmetry/,http://www.happytel.com/galaxy-s6-otterbox-symmetry-case/,Product,367
/galaxy-s6-case-leather-case-galaxy-s6-s-view-case/,http://www.happytel.com/galaxy-s6-case-leather-case-galaxy-s6-s-view-case/,http://www.happytel.com/galaxy-s6-s-view-official/,Product,365
/galaxy-s6-case-hard-case-golf-fit-with-opal-card-holder/,http://www.happytel.com/galaxy-s6-case-hard-case-golf-fit-with-opal-card-holder/,http://www.happytel.com/galaxy-s6-golf-fit/,Product,363
/galaxy-s6-case-leather-case-alyn-diary/,http://www.happytel.com/galaxy-s6-case-leather-case-alyn-diary/,http://www.happytel.com/galaxy-s6-alyn-diary/,Product,362
/galaxy-s6-case-soft-case-oscar-jelly-case-14/,http://www.happytel.com/galaxy-s6-case-soft-case-oscar-jelly-case-14/,http://www.happytel.com/galaxy-s6-oscar-jelly-14/,Product,361
/galaxy-s6-edge-case-leather-case-rich-diary/,http://www.happytel.com/galaxy-s6-edge-case-leather-case-rich-diary/,http://www.happytel.com/galaxy-s6-edge-rich-diary/,Product,360
/galaxy-s6-edge-case-soft-case-oscar-jelly-case-14/,http://www.happytel.com/galaxy-s6-edge-case-soft-case-oscar-jelly-case-14/,http://www.happytel.com/galaxy-s6-edge-oscar-jelly-14/,Product,358
/iphone-6-case-hard-case-recto/,http://www.happytel.com/iphone-6-case-hard-case-recto/,http://www.happytel.com/iphone-6-recto-case/,Product,406
/recto-case-for-iphone-6/,http://www.happytel.com/recto-case-for-iphone-6/,http://www.happytel.com/iphone-6-recto-case/,Product,406
/galaxy-s6-case-hard-case-lifeproof-fre/,http://www.happytel.com/galaxy-s6-case-hard-case-lifeproof-fre/,http://www.happytel.com/galaxy-s6-lifeproof-fre/,Product,364
/store-locator,http://www.happytel.com/store-locator,http://www.happytel.com/store-locator/,Page,19
/galaxy-s6-edge-case-leather-case-flip-wallet/,http://www.happytel.com/galaxy-s6-edge-case-leather-case-flip-wallet/,http://www.happytel.com/galaxy-s6-edge-flip-wallet/,Product,415
/galaxy-s6-case-transparent-soft-jelly-case/,http://www.happytel.com/galaxy-s6-case-transparent-soft-jelly-case/,http://www.happytel.com/galaxy-s6-clear-jelly-case/,Product,371
/repair-quote-1/,http://www.happytel.com/repair-quote-1/,http://www.happytel.com/repair-quote/,Page,24
/copy-of-iphone-4-4s-case-hard-case-bumper-8/,http://www.happytel.com/copy-of-iphone-4-4s-case-hard-case-bumper-8/,http://www.happytel.com/iphone-4-4s-bumper-8/,Product,434
/june-event-end-of-finance-year-sale/,http://www.happytel.com/june-event-end-of-finance-year-sale/,http://www.happytel.com/eofy-sale/,Category,217
/designskin-g-raft-tropical-cat/,http://www.happytel.com/designskin-g-raft-tropical-cat/,http://www.happytel.com/iphone-6-6s-designskin-g-raft-case/,Product,447
/designskin-g-raft/,http://www.happytel.com/designskin-g-raft/,http://www.happytel.com/iphone-6-6s-designskin-g-raft-case/,Product,447
/copy-of-iphone-6-designskin-g-raft/,http://www.happytel.com/copy-of-iphone-6-designskin-g-raft/,http://www.happytel.com/iphone-6-6s-plus-designskin-g-raft-case/,Product,451
/copy-of-galaxy-s6-edge-designskin-g-raft/,http://www.happytel.com/copy-of-galaxy-s6-edge-designskin-g-raft/,http://www.happytel.com/galaxy-s6-designskin-g-raft-case/,Product,459
/samsung-galaxy-s5-cases-covers-genuine-otterbox-defender-whisper/,http://www.happytel.com/samsung-galaxy-s5-cases-covers-genuine-otterbox-defender-whisper/,http://www.happytel.com/galaxy-s5-otterbox-defender-whisper/,Product,79
/iphone-4-4s-case-hard-case-bumper-8/,http://www.happytel.com/iphone-4-4s-case-hard-case-bumper-8/,http://www.happytel.com/iphone-4-4s-bumper-8/,Product,434
/iphone-5-5s-case-hard-case-bumper-8/,http://www.happytel.com/iphone-5-5s-case-hard-case-bumper-8/,http://www.happytel.com/iphone-5-5s-bumper-8-case/,Product,433
/galaxy-note-4-case-wallet-case-msg-diary/,http://www.happytel.com/galaxy-note-4-case-wallet-case-msg-diary/,http://www.happytel.com/galaxy-note-4-msg-diary/,Product,427
/iphone-6-plus-case-leather-case-msg-diary/,http://www.happytel.com/iphone-6-plus-case-leather-case-msg-diary/,http://www.happytel.com/iphone-6-plus-msg-diary-case/,Product,423
/galaxy-s5-case-wallet-msg-diary-case/,http://www.happytel.com/galaxy-s5-case-wallet-msg-diary-case/,http://www.happytel.com/galaxy-s5-msg-diary/,Product,417
/galaxy-s6-edge-flip-wallet-case/,http://www.happytel.com/galaxy-s6-edge-flip-wallet-case/,http://www.happytel.com/galaxy-s6-edge-flip-wallet/,Product,415
/iphone-6-plus-case-lifeproof-nuud-hard-case/,http://www.happytel.com/iphone-6-plus-case-lifeproof-nuud-hard-case/,http://www.happytel.com/iphone-6-plus-lifeproof-nuud-case/,Product,414
/iphone-5-5s-case-leather-case-bumper-view-flip/,http://www.happytel.com/iphone-5-5s-case-leather-case-bumper-view-flip/,http://www.happytel.com/iphone-5-5s-bumper-view-flip/,Product,413
/galaxy-note-3-case-leather-case-bumper-view-flip/,http://www.happytel.com/galaxy-note-3-case-leather-case-bumper-view-flip/,http://www.happytel.com/galaxy-note-3-bumper-view-flip/,Product,412
/galaxy-s4-case-leather-case-bumper-view-flip/,http://www.happytel.com/galaxy-s4-case-leather-case-bumper-view-flip/,http://www.happytel.com/galaxy-s4-bumper-view-flip/,Product,411
/iphone-5-5s-case-leather-case-bumper-flip/,http://www.happytel.com/iphone-5-5s-case-leather-case-bumper-flip/,http://www.happytel.com/iphone-5-5s-bumper-flip/,Product,410
/galaxy-note-2-case-leather-case-bumper-flip/,http://www.happytel.com/galaxy-note-2-case-leather-case-bumper-flip/,http://www.happytel.com/galaxy-note-2-bumper-flip/,Product,409
/galaxy-s4-case-leather-case-bumper-flip/,http://www.happytel.com/galaxy-s4-case-leather-case-bumper-flip/,http://www.happytel.com/galaxy-s4-bumper-flip/,Product,408
/iphone-5-5s-case-wallet-bling-diary-case/,http://www.happytel.com/iphone-5-5s-case-wallet-bling-diary-case/,http://www.happytel.com/iphone-5-5s-bling-diary/,Product,400
/iphone-4-4s-case-wallet-bling-diary-case/,http://www.happytel.com/iphone-4-4s-case-wallet-bling-diary-case/,http://www.happytel.com/iphone-4-4s-bling-diary/,Product,399
/galaxy-note-3-case-wallet-bling-diary-case/,http://www.happytel.com/galaxy-note-3-case-wallet-bling-diary-case/,http://www.happytel.com/galaxy-note-3-bling-diary/,Product,397
/galaxy-s3-case-wallet-bling-diary-case/,http://www.happytel.com/galaxy-s3-case-wallet-bling-diary-case/,http://www.happytel.com/galaxy-s3-bling-diary/,Product,396
/galaxy-s6-transparent-soft-jelly-case/,http://www.happytel.com/galaxy-s6-transparent-soft-jelly-case/,http://www.happytel.com/galaxy-s6-clear-jelly-case/,Product,371
/galaxy-s6-case-hard-case-otter-box-defender/,http://www.happytel.com/galaxy-s6-case-hard-case-otter-box-defender/,http://www.happytel.com/galaxy-s6-otterbox-defender-case/,Product,366
/official-samsung-galaxy-s6-s-view-case/,http://www.happytel.com/official-samsung-galaxy-s6-s-view-case/,http://www.happytel.com/galaxy-s6-s-view-official/,Product,365
/galaxy-s6-lifeproof-fre-case/,http://www.happytel.com/galaxy-s6-lifeproof-fre-case/,http://www.happytel.com/galaxy-s6-lifeproof-fre/,Product,364
/galaxy-s6-golf-fit-with-opal-card-holder/,http://www.happytel.com/galaxy-s6-golf-fit-with-opal-card-holder/,http://www.happytel.com/galaxy-s6-golf-fit/,Product,363
/galaxy-s6-oscar-soft-jelly-case-14/,http://www.happytel.com/galaxy-s6-oscar-soft-jelly-case-14/,http://www.happytel.com/galaxy-s6-oscar-jelly-14/,Product,361
/galaxy-s6-edge-oscar-soft-jelly-case-14/,http://www.happytel.com/galaxy-s6-edge-oscar-soft-jelly-case-14/,http://www.happytel.com/galaxy-s6-edge-oscar-jelly-14/,Product,358
/universal-case-u-flip-large-size/,http://www.happytel.com/universal-case-u-flip-large-size/,http://www.happytel.com/universal-u-flip-large/,Product,357
/universal-case-u-flip-medium-size/,http://www.happytel.com/universal-case-u-flip-medium-size/,http://www.happytel.com/universal-u-flip-medium/,Product,356
/universal-case-u-flip-small-size/,http://www.happytel.com/universal-case-u-flip-small-size/,http://www.happytel.com/universal-u-flip-small/,Product,355
/universal-case-candy-diary-medium-size/,http://www.happytel.com/universal-case-candy-diary-medium-size/,http://www.happytel.com/universal-candy-diary-medium/,Product,353
/universal-case-candy-diary-small-size/,http://www.happytel.com/universal-case-candy-diary-small-size/,http://www.happytel.com/universal-candy-diary-small/,Product,351
/universal-case-yes-view-flip-large-size/,http://www.happytel.com/universal-case-yes-view-flip-large-size/,http://www.happytel.com/universal-yes-view-flip-large/,Product,350
/universal-case-yes-view-flip-medium-size/,http://www.happytel.com/universal-case-yes-view-flip-medium-size/,http://www.happytel.com/universal-yes-view-flip-medium/,Product,349
/universal-case-vivid-flip-large-size/,http://www.happytel.com/universal-case-vivid-flip-large-size/,http://www.happytel.com/universal-vivid-flip-large/,Product,348
/universal-case-vivid-flip-medium-size/,http://www.happytel.com/universal-case-vivid-flip-medium-size/,http://www.happytel.com/universal-vivid-flip-medium/,Product,347
/universal-case-vivid-flip-small-size/,http://www.happytel.com/universal-case-vivid-flip-small-size/,http://www.happytel.com/universal-vivid-flip-small/,Product,346
/universal-case-yes-wallet-large-size/,http://www.happytel.com/universal-case-yes-wallet-large-size/,http://www.happytel.com/universal-yes-wallet-large/,Product,345
/universal-case-yes-wallet-medium-size/,http://www.happytel.com/universal-case-yes-wallet-medium-size/,http://www.happytel.com/universal-yes-wallet-medium/,Product,344
/samsung-galaxy-note-3-case-leather-case-eros/,http://www.happytel.com/samsung-galaxy-note-3-case-leather-case-eros/,http://www.happytel.com/galaxy-note-3-eros/,Product,343
/iphone-5-5s-case-leather-case-eros/,http://www.happytel.com/iphone-5-5s-case-leather-case-eros/,http://www.happytel.com/iphone-5-5s-eros-case/,Product,342
/samsung-galaxy-s3-case-leather-case-eros/,http://www.happytel.com/samsung-galaxy-s3-case-leather-case-eros/,http://www.happytel.com/galaxy-s3-eros/,Product,341
/samsung-galaxy-s4-case-leather-case-eros/,http://www.happytel.com/samsung-galaxy-s4-case-leather-case-eros/,http://www.happytel.com/galaxy-s4-eros/,Product,340
/samsung-galaxy-s5-case-leather-case-eros/,http://www.happytel.com/samsung-galaxy-s5-case-leather-case-eros/,http://www.happytel.com/galaxy-s5-eros/,Product,339
/iphone-4-4s-plus-case-leather-case-eros/,http://www.happytel.com/iphone-4-4s-plus-case-leather-case-eros/,http://www.happytel.com/iphone-4-4s-eros/,Product,338
/iphone-6-plus-case-leather-case-eros/,http://www.happytel.com/iphone-6-plus-case-leather-case-eros/,http://www.happytel.com/iphone-6-plus-eros-case/,Product,337
/samsung-galaxy-note-4-cases-covers-hard-case-eureka-with-opal-card-holder/,http://www.happytel.com/samsung-galaxy-note-4-cases-covers-hard-case-eureka-with-opal-card-holder/,http://www.happytel.com/galaxy-note-4-eureka/,Product,336
/iphone-6-plus-cases-covers-hard-case-eureka-with-opal-card-holder/,http://www.happytel.com/iphone-6-plus-cases-covers-hard-case-eureka-with-opal-card-holder/,http://www.happytel.com/iphone-6-plus-eureka-case/,Product,335
/iphone-6-cases-covers-hard-case-eureka-with-opal-card-holder/,http://www.happytel.com/iphone-6-cases-covers-hard-case-eureka-with-opal-card-holder/,http://www.happytel.com/iphone-6-eureka-case/,Product,334
/galaxy-s4-cases-covers-hard-case-eureka/,http://www.happytel.com/galaxy-s4-cases-covers-hard-case-eureka/,http://www.happytel.com/galaxy-s4-eureka/,Product,333
/note-4-case-rich-diary-case/,http://www.happytel.com/note-4-case-rich-diary-case/,http://www.happytel.com/galaxy-note-4-rich-diary/,Product,332
/iphone-6-case-rich-diary-case/,http://www.happytel.com/iphone-6-case-rich-diary-case/,http://www.happytel.com/iphone-6-rich-diary-case/,Product,331
/iphone-6-plus-case-rich-diary-case/,http://www.happytel.com/iphone-6-plus-case-rich-diary-case/,http://www.happytel.com/iphone-6-plus-rich-diary-case/,Product,329
/iphone-5-case-rich-diary-case/,http://www.happytel.com/iphone-5-case-rich-diary-case/,http://www.happytel.com/iphone-5-5s-rich-diary-case/,Product,328
/iphone-6-plus-case-persian-neo-hard-case/,http://www.happytel.com/iphone-6-plus-case-persian-neo-hard-case/,http://www.happytel.com/iphone-6-plus-persian-neo-case/,Product,327
/iphone-6-case-persian-neo-hard-case/,http://www.happytel.com/iphone-6-case-persian-neo-hard-case/,http://www.happytel.com/iphone-6-persian-neo-case/,Product,326
/iphone-6-6s-persian-neo/,http://www.happytel.com/iphone-6-6s-persian-neo/,http://www.happytel.com/iphone-6-persian-neo-case/,Product,326
/galaxy-s5-case-persian-neo-hard-case/,http://www.happytel.com/galaxy-s5-case-persian-neo-hard-case/,http://www.happytel.com/galaxy-s5-persian-neo/,Product,325
/galaxy-s5-case-pocket-diary-with-opal-card-holder/,http://www.happytel.com/galaxy-s5-case-pocket-diary-with-opal-card-holder/,http://www.happytel.com/galaxy-s5-pocket-diary-case/,Product,324
/iphone-6-plus-case-pocket-diary-with-opal-card-holder/,http://www.happytel.com/iphone-6-plus-case-pocket-diary-with-opal-card-holder/,http://www.happytel.com/iphone-6-plus-pocket-diary-case/,Product,323
/iphone-6-case-pocket-diary-with-opal-card-holder/,http://www.happytel.com/iphone-6-case-pocket-diary-with-opal-card-holder/,http://www.happytel.com/iphone-6-pocket-diary-case/,Product,322
/iphone-6-plus-case-golf-fit-hard-case-with-opal-card-holder/,http://www.happytel.com/iphone-6-plus-case-golf-fit-hard-case-with-opal-card-holder/,http://www.happytel.com/iphone-6-plus-golf-fit-case/,Product,321
/iphone-6-case-golf-fit-hard-case-with-opal-card-holder/,http://www.happytel.com/iphone-6-case-golf-fit-hard-case-with-opal-card-holder/,http://www.happytel.com/iphone-6-golf-fit-case/,Product,319
/iphone-6-plus-case-hard-case-bumper-4/,http://www.happytel.com/iphone-6-plus-case-hard-case-bumper-4/,http://www.happytel.com/iphone-6-plus-bumper-4-case/,Product,316
/iphone-6-plus-case-hard-case-bumper-8/,http://www.happytel.com/iphone-6-plus-case-hard-case-bumper-8/,http://www.happytel.com/iphone-6-plus-bumper-8-case/,Product,315
/galaxy-s5-case-lifeproof-fre-case/,http://www.happytel.com/galaxy-s5-case-lifeproof-fre-case/,http://www.happytel.com/galaxy-s5-lifeproof-fre/,Product,310
/iphone-6-case-lifeproof-fre-case/,http://www.happytel.com/iphone-6-case-lifeproof-fre-case/,http://www.happytel.com/iphone-6-lifeproof-fre-case/,Product,309
/iphone-4-4s-case-twin-diary/,http://www.happytel.com/iphone-4-4s-case-twin-diary/,http://www.happytel.com/iphone-4-4s-twin-diary/,Product,304
/galaxy-note-4-case-bling-button-diary-leather-case/,http://www.happytel.com/galaxy-note-4-case-bling-button-diary-leather-case/,http://www.happytel.com/galaxy-note-4-bling-button-diary/,Product,303
/iphone-6-case-soft-case-drops/,http://www.happytel.com/iphone-6-case-soft-case-drops/,http://www.happytel.com/iphone-6-drops-case/,Product,300
/iphone-6-case-hard-case-walnutt/,http://www.happytel.com/iphone-6-case-hard-case-walnutt/,http://www.happytel.com/iphone-6-walnutt-case/,Product,297
/iphone-6-plus-case-hard-case-walnutt/,http://www.happytel.com/iphone-6-plus-case-hard-case-walnutt/,http://www.happytel.com/iphone-6-plus-walnutt-case/,Product,295
/iphone-6-case-hard-case-16-series/,http://www.happytel.com/iphone-6-case-hard-case-16-series/,http://www.happytel.com/iphone-6-16-series-case/,Product,290
/iphone-6-plus-case-hard-case-16-series/,http://www.happytel.com/iphone-6-plus-case-hard-case-16-series/,http://www.happytel.com/iphone-6-plus-16-series/,Product,289
/galaxy-note-4-case-samsung-galaxy-note-4-s-view-cover/,http://www.happytel.com/galaxy-note-4-case-samsung-galaxy-note-4-s-view-cover/,http://www.happytel.com/galaxy-note-4-s-view-official/,Product,288
/iphone-6-plus-case-shimmer/,http://www.happytel.com/iphone-6-plus-case-shimmer/,http://www.happytel.com/iphone-6-plus-shimmer-case/,Product,284
/iphone-6-case-shimmer/,http://www.happytel.com/iphone-6-case-shimmer/,http://www.happytel.com/iphone-6-shimmer-case/,Product,283
/iphone-6-plus-case-buckle-diary/,http://www.happytel.com/iphone-6-plus-case-buckle-diary/,http://www.happytel.com/iphone-6-plus-buckle-diary-case/,Product,281
/iphone-6-case-buckle-diary/,http://www.happytel.com/iphone-6-case-buckle-diary/,http://www.happytel.com/iphone-6-buckle-diary-case/,Product,280
/iphone-6-plus-case-otterbox-commuter-series-case/,http://www.happytel.com/iphone-6-plus-case-otterbox-commuter-series-case/,http://www.happytel.com/iphone-6-plus-otterbox-commuter-case/,Product,276
/iphone-6-case-otterbox-commuter-series-case/,http://www.happytel.com/iphone-6-case-otterbox-commuter-series-case/,http://www.happytel.com/iphone-6-otterbox-commuter-case/,Product,275
/galaxy-note-4-case-otterbox-defender-series-case/,http://www.happytel.com/galaxy-note-4-case-otterbox-defender-series-case/,http://www.happytel.com/galaxy-note-4-otterbox-defender/,Product,274
/iphone-6-case-sensation-hard-case/,http://www.happytel.com/iphone-6-case-sensation-hard-case/,http://www.happytel.com/iphone-6-sensation-case/,Product,270
/iphone-6-plus-case-sensation-hard-case/,http://www.happytel.com/iphone-6-plus-case-sensation-hard-case/,http://www.happytel.com/iphone-6-plus-sensation-case/,Product,269
/iphone-6-cases-covers-antique-flower/,http://www.happytel.com/iphone-6-cases-covers-antique-flower/,http://www.happytel.com/iphone-6-antique-flower/,Product,266
/iphone-5-5s-cases-covers-antique-flower/,http://www.happytel.com/iphone-5-5s-cases-covers-antique-flower/,http://www.happytel.com/iphone-5-5s-antique-flower/,Product,265
/galaxy-note-4-case-otterbox-symmetry/,http://www.happytel.com/galaxy-note-4-case-otterbox-symmetry/,http://www.happytel.com/galaxy-note-4-otterbox-symmetry-case/,Product,264
/galaxy-s5-case-garden-flower-leather-case/,http://www.happytel.com/galaxy-s5-case-garden-flower-leather-case/,http://www.happytel.com/galaxy-s5-garden-flower/,Product,249
/iphone-6-case-garden-flower-leather-case/,http://www.happytel.com/iphone-6-case-garden-flower-leather-case/,http://www.happytel.com/iphone-6-garden-flower/,Product,247
/galaxy-note-3-case-phone-keeper/,http://www.happytel.com/galaxy-note-3-case-phone-keeper/,http://www.happytel.com/galaxy-note-3-phone-keeper/,Product,261
/iphone-6-plus-case-hard-case-20-c/,http://www.happytel.com/iphone-6-plus-case-hard-case-20-c/,http://www.happytel.com/iphone-6-plus-20-c/,Product,260
/galaxy-alpha-case-sonata-diary-leather-case/,http://www.happytel.com/galaxy-alpha-case-sonata-diary-leather-case/,http://www.happytel.com/galaxy-alpha-sonata-diary/,Product,259
/galaxy-ace-4-case-sonata-diary-leather-case/,http://www.happytel.com/galaxy-ace-4-case-sonata-diary-leather-case/,http://www.happytel.com/galaxy-ace-4-sonata-diary/,Product,258
/galaxy-ace-3-case-sonata-diary-leather-case/,http://www.happytel.com/galaxy-ace-3-case-sonata-diary-leather-case/,http://www.happytel.com/galaxy-ace-3-sonata-diary/,Product,257
/galaxy-s4-mini-case-sonata-diary-leather-case/,http://www.happytel.com/galaxy-s4-mini-case-sonata-diary-leather-case/,http://www.happytel.com/galaxy-s4-mini-sonata-diary/,Product,256
/lumia-625-case-sonata-diary-leather-case/,http://www.happytel.com/lumia-625-case-sonata-diary-leather-case/,http://www.happytel.com/lumia-625-sonata-diary/,Product,255
/lumia-930-case-sonata-diary-leather-case/,http://www.happytel.com/lumia-930-case-sonata-diary-leather-case/,http://www.happytel.com/lumia-930-sonata-diary/,Product,254
/lumia-630-case-sonata-diary-leather-case/,http://www.happytel.com/lumia-630-case-sonata-diary-leather-case/,http://www.happytel.com/lumia-630-sonata-diary/,Product,253
/iphone-5-case-garden-flower-leather-case/,http://www.happytel.com/iphone-5-case-garden-flower-leather-case/,http://www.happytel.com/iphone-5-5s-garden-flower/,Product,246
/galaxy-note-4-case-fancy-diary-leather-case/,http://www.happytel.com/galaxy-note-4-case-fancy-diary-leather-case/,http://www.happytel.com/galaxy-note-4-fancy-diary/,Product,245
/motorola-moto-x-case-fancy-diary-leather-case/,http://www.happytel.com/motorola-moto-x-case-fancy-diary-leather-case/,http://www.happytel.com/motorola-moto-x-fancy-diary/,Product,244
/motorola-moto-g-case-fancy-diary-leather-case/,http://www.happytel.com/motorola-moto-g-case-fancy-diary-leather-case/,http://www.happytel.com/motorola-moto-g-fancy-diary/,Product,243
/xperia-z1-case-fancy-diary-leather-case/,http://www.happytel.com/xperia-z1-case-fancy-diary-leather-case/,http://www.happytel.com/xperia-z1-fancy-diary/,Product,242
/htc-desire-310-case-fancy-diary-leather-case/,http://www.happytel.com/htc-desire-310-case-fancy-diary-leather-case/,http://www.happytel.com/htc-desire-310-fancy-diary/,Product,241
/htc-desire-816-case-fancy-diary-leather-case/,http://www.happytel.com/htc-desire-816-case-fancy-diary-leather-case/,http://www.happytel.com/htc-desire-816-fancy-diary/,Product,240
/xperia-t2-ultra-case-fancy-diary-leather-case/,http://www.happytel.com/xperia-t2-ultra-case-fancy-diary-leather-case/,http://www.happytel.com/xperia-t2-ultra-fancy-diary/,Product,239
/xperia-z3-case-fancy-diary-leather-case/,http://www.happytel.com/xperia-z3-case-fancy-diary-leather-case/,http://www.happytel.com/xperia-z3-fancy-diary/,Product,236
/xperia-z3-comapct-case-fancy-diary-leather-case/,http://www.happytel.com/xperia-z3-comapct-case-fancy-diary-leather-case/,http://www.happytel.com/xperia-z3-compact-fancy-diary/,Product,235
/galaxy-s4-mini-case-fancy-diary-leather-case/,http://www.happytel.com/galaxy-s4-mini-case-fancy-diary-leather-case/,http://www.happytel.com/galaxy-s4-mini-fancy-diary/,Product,234
/iphone-6-plus-case-fancy-diary-leather-case/,http://www.happytel.com/iphone-6-plus-case-fancy-diary-leather-case/,http://www.happytel.com/iphone-6-plus-fancy-diary/,Product,230
/iphone-6-plus-case-bling-button-diary-leather-case/,http://www.happytel.com/iphone-6-plus-case-bling-button-diary-leather-case/,http://www.happytel.com/iphone-6-plus-bling-button-diary/,Product,229
/iphone-6-case-bling-button-diary-leather-case/,http://www.happytel.com/iphone-6-case-bling-button-diary-leather-case/,http://www.happytel.com/iphone-6-bling-button-diary/,Product,228
/iphone-6-case-hard-case-otter-box-symmetry/,http://www.happytel.com/iphone-6-case-hard-case-otter-box-symmetry/,http://www.happytel.com/iphone-6-otterbox-symmetry-case/,Product,225
/iphone-6-case-genuine-otterbox-defender/,http://www.happytel.com/iphone-6-case-genuine-otterbox-defender/,http://www.happytel.com/iphone-5-otterbox-defender-case/,Product,223
/iphone-6-case-hard-case-20-c/,http://www.happytel.com/iphone-6-case-hard-case-20-c/,http://www.happytel.com/iphone-6-6s-highlight/,Product,222
/iphone-6-plus-case-tough-air-hard-case-black/,http://www.happytel.com/iphone-6-plus-case-tough-air-hard-case-black/,http://www.happytel.com/iphone-6-plus-case-mate-tough-air/,Product,210
/iphone-6-plus-case-naked-tough-clear-hard-case/,http://www.happytel.com/iphone-6-plus-case-naked-tough-clear-hard-case/,http://www.happytel.com/iphone-6-plus-case-mate-naked-tough-clear-case/,Product,209
/iphone-6-plus-case-mate-tough-hard-case/,http://www.happytel.com/iphone-6-plus-case-mate-tough-hard-case/,http://www.happytel.com/iphone-6-plus-case-mate-tough/,Product,208
/galaxy-s4-case-persian-hard-case/,http://www.happytel.com/galaxy-s4-case-persian-hard-case/,http://www.happytel.com/galaxy-s4-persian/,Product,205
/galaxy-s4-case-genuine-otterbox-commuter/,http://www.happytel.com/galaxy-s4-case-genuine-otterbox-commuter/,http://www.happytel.com/galaxy-s4-otterbox-commuter-case/,Product,201
/galaxy-s4-case-genuine-otterbox-defender/,http://www.happytel.com/galaxy-s4-case-genuine-otterbox-defender/,http://www.happytel.com/galaxy-s4-otterbox-defender-case/,Product,198
/samsung-galaxy-note-3-case-goospery-focus-bumper/,http://www.happytel.com/samsung-galaxy-note-3-case-goospery-focus-bumper/,http://www.happytel.com/galaxy-note-3-goospery-focus-bumper/,Product,197
/iphone-6-case-leather-case-eros/,http://www.happytel.com/iphone-6-case-leather-case-eros/,http://www.happytel.com/iphone-6-eros/,Product,195
/iphone-5-5s-case-wallet-msg-diary/,http://www.happytel.com/iphone-5-5s-case-wallet-msg-diary/,http://www.happytel.com/iphone-5-5s-msg-diary-case/,Product,194
/iphone-5-5s-case-flip-case/,http://www.happytel.com/iphone-5-5s-case-flip-case/,http://www.happytel.com/iphone-5-5s-flip-case/,Product,193
/iphone-6-case-hard-case-bumper-8/,http://www.happytel.com/iphone-6-case-hard-case-bumper-8/,http://www.happytel.com/iphone-6-bumper-8/,Product,192
/ipod-touch-5-case-hard-case-lahoya/,http://www.happytel.com/ipod-touch-5-case-hard-case-lahoya/,http://www.happytel.com/ipod-touch-5-lahoya/,Product,190
/ipod-touch-5-case-soft-case-spongebob/,http://www.happytel.com/ipod-touch-5-case-soft-case-spongebob/,http://www.happytel.com/ipod-touch-5-spongebob/,Product,189
/iphone-6-case-leather-case-msg-diary/,http://www.happytel.com/iphone-6-case-leather-case-msg-diary/,http://www.happytel.com/iphone-6-msg-diary/,Product,188
/iphone-6-case-leather-case-secret-diary/,http://www.happytel.com/iphone-6-case-leather-case-secret-diary/,http://www.happytel.com/iphone-6-secret-diary/,Product,187
/iphone-6-case-leather-case-sonata-diary/,http://www.happytel.com/iphone-6-case-leather-case-sonata-diary/,http://www.happytel.com/iphone-6-sonata-diary/,Product,186
/iphone-6-case-hard-case-bumper-4/,http://www.happytel.com/iphone-6-case-hard-case-bumper-4/,http://www.happytel.com/iphone-6-bumper-4/,Product,181
/iphone-5-5s-case-golf-fit-hard-case-with-card-holder/,http://www.happytel.com/iphone-5-5s-case-golf-fit-hard-case-with-card-holder/,http://www.happytel.com/iphone-5-5s-golf-fit/,Product,179
/galaxy-s5-case-golf-fit-hard-case-with-card-holder/,http://www.happytel.com/galaxy-s5-case-golf-fit-hard-case-with-card-holder/,http://www.happytel.com/galaxy-s5-golf-fit/,Product,178
/iphone-5-5s-case-wallet-case/,http://www.happytel.com/iphone-5-5s-case-wallet-case/,http://www.happytel.com/iphone-5-5s-wallet/,Product,176
/iphone-5-5s-case-fancy-flip-case/,http://www.happytel.com/iphone-5-5s-case-fancy-flip-case/,http://www.happytel.com/iphone-5-5s-fancy-flip/,Product,164
/iphone-5-5s-case-hard-case-hello-kitty/,http://www.happytel.com/iphone-5-5s-case-hard-case-hello-kitty/,http://www.happytel.com/iphone-5-5s-hello-kitty/,Product,160
/iphone-5-5s-case-hard-case-alu/,http://www.happytel.com/iphone-5-5s-case-hard-case-alu/,http://www.happytel.com/iphone-5-5s-alu/,Product,159
/iphone-5-5s-case-hard-case-i-gloo/,http://www.happytel.com/iphone-5-5s-case-hard-case-i-gloo/,http://www.happytel.com/iphone-5-5s-i-gloo/,Product,158
/iphone-5-5s-case-hard-bumper-case/,http://www.happytel.com/iphone-5-5s-case-hard-bumper-case/,http://www.happytel.com/iphone-5-5s-bumper/,Product,157
/iphone-5-5s-case-hard-case-2/,http://www.happytel.com/iphone-5-5s-case-hard-case-2/,http://www.happytel.com/iphone-5-5s-hard-case-2a/,Product,156
/iphone-5-5s-case-revolution/,http://www.happytel.com/iphone-5-5s-case-revolution/,http://www.happytel.com/iphone-5-5s-revolution/,Product,155
/iphone-5-5s-cases-covers-hard-case-eureka-with-opal-card-holder/,http://www.happytel.com/iphone-5-5s-cases-covers-hard-case-eureka-with-opal-card-holder/,http://www.happytel.com/iphone-5-5s-eureka-case/,Product,154
/iphone-5-5s-case-hard-case/,http://www.happytel.com/iphone-5-5s-case-hard-case/,http://www.happytel.com/iphone-5-5s-hard-case/,Product,152
/iphone-5-5s-case-hard-case-any-shock-opal-card-holder-phone-case/,http://www.happytel.com/iphone-5-5s-case-hard-case-any-shock-opal-card-holder-phone-case/,http://www.happytel.com/iphone-5-5s-any-shock/,Product,151
/iphone-5-5s-case-cubic-cute-hard-case/,http://www.happytel.com/iphone-5-5s-case-cubic-cute-hard-case/,http://www.happytel.com/iphone-5-5s-cubic-cute/,Product,150
/iphone-5-5s-genuine-otterbox-prefix-series-case/,http://www.happytel.com/iphone-5-5s-genuine-otterbox-prefix-series-case/,http://www.happytel.com/iphone-5-5s-otterbox-prefix-case/,Product,149
/iphone-5-5s-cases-hard-case-aluminize/,http://www.happytel.com/iphone-5-5s-cases-hard-case-aluminize/,http://www.happytel.com/iphone-5-5s-aluminize/,Product,148
/iphone-5-5s-case-lifeproof-nuud-hard-case-black/,http://www.happytel.com/iphone-5-5s-case-lifeproof-nuud-hard-case-black/,http://www.happytel.com/iphone-5-5s-life-proof-nuud/,Product,147
/iphone-5-5s-case-soft-case/,http://www.happytel.com/iphone-5-5s-case-soft-case/,http://www.happytel.com/iphone-5-5s-soft-case/,Product,145
/iphone-5-5s-case-plain-soft-case/,http://www.happytel.com/iphone-5-5s-case-plain-soft-case/,http://www.happytel.com/iphone-5-5s-plain-soft-case/,Product,144
/iphone-5-5s-case-soft-case-cat/,http://www.happytel.com/iphone-5-5s-case-soft-case-cat/,http://www.happytel.com/iphone-5-5s-cat-case/,Product,141
/iphone-5-5s-case-wallet-tiger-diary/,http://www.happytel.com/iphone-5-5s-case-wallet-tiger-diary/,http://www.happytel.com/iphone-5-5s-tiger-diary/,Product,140
/iphone-5-5s-case-wallet-oscar-semi-diary/,http://www.happytel.com/iphone-5-5s-case-wallet-oscar-semi-diary/,http://www.happytel.com/iphone-5-5s-oscar-semi-diary/,Product,137
/iphone-5-5s-case-belt-clip-case-3/,http://www.happytel.com/iphone-5-5s-case-belt-clip-case-3/,http://www.happytel.com/iphone-5-5s-belt-clip-3/,Product,136
/iphone-4-4s-case-revolution/,http://www.happytel.com/iphone-4-4s-case-revolution/,http://www.happytel.com/iphone-4-4s-revolution/,Product,135
/iphone-4-4s-case-genuine-leather-wallet-case-double/,http://www.happytel.com/iphone-4-4s-case-genuine-leather-wallet-case-double/,http://www.happytel.com/iphone-4-4s-double-genuine-leather/,Product,132
/iphone-5c-case-leopard-wallet-case/,http://www.happytel.com/iphone-5c-case-leopard-wallet-case/,http://www.happytel.com/iphone-5c-leopard-wallet/,Product,131
/iphone-5c-case-soft-case-2/,http://www.happytel.com/iphone-5c-case-soft-case-2/,http://www.happytel.com/iphone-5c-soft-case-2/,Product,130
/iphone-5c-case-soft-case/,http://www.happytel.com/iphone-5c-case-soft-case/,http://www.happytel.com/iphone-5c-soft-case/,Product,129
/iphone-5c-case-lifeproof-fr-hard-case/,http://www.happytel.com/iphone-5c-case-lifeproof-fr-hard-case/,http://www.happytel.com/iphone-5c-life-proof-fre/,Product,128
/iphone-5c-case-leather-case/,http://www.happytel.com/iphone-5c-case-leather-case/,http://www.happytel.com/iphone-5c-leather-case/,Product,127
/lg-optimus-one-case-soft-case-dia/,http://www.happytel.com/lg-optimus-one-case-soft-case-dia/,http://www.happytel.com/lg-optimus-one-diamond/,Product,126
/galaxy-s4-case-wallet-msg-diary-case/,http://www.happytel.com/galaxy-s4-case-wallet-msg-diary-case/,http://www.happytel.com/galaxy-s4-msg-diary/,Product,116
/galaxy-s4-case-wallet-bling-diary-case/,http://www.happytel.com/galaxy-s4-case-wallet-bling-diary-case/,http://www.happytel.com/galaxy-s4-bling-diary/,Product,114
/galaxy-s4-case-wallet-hit-diary/,http://www.happytel.com/galaxy-s4-case-wallet-hit-diary/,http://www.happytel.com/galaxy-s4-hit-diary/,Product,106
/galaxy-s4-case-leather-case-secret-diary/,http://www.happytel.com/galaxy-s4-case-leather-case-secret-diary/,http://www.happytel.com/galaxy-s4-secret-diary/,Product,104
/iphone-5-5s-case-belt-clip-case-2/,http://www.happytel.com/iphone-5-5s-case-belt-clip-case-2/,http://www.happytel.com/iphone-5-5s-belt-clip-2/,Product,98
/iphone-5-5s-case-belt-clip-case/,http://www.happytel.com/iphone-5-5s-case-belt-clip-case/,http://www.happytel.com/iphone-5-5s-belt-clip/,Product,97
/iphone-5-5s-case-wallet-case-double/,http://www.happytel.com/iphone-5-5s-case-wallet-case-double/,http://www.happytel.com/iphone-5-5s-double/,Product,96
/htc-one-case-soft-case/,http://www.happytel.com/htc-one-case-soft-case/,http://www.happytel.com/htc-one-soft-case/,Product,95
/htc-one-case-leather-case/,http://www.happytel.com/htc-one-case-leather-case/,http://www.happytel.com/htc-one-leather-case/,Product,94
/iphone-5-5s-case-leather-case-secret-diary/,http://www.happytel.com/iphone-5-5s-case-leather-case-secret-diary/,http://www.happytel.com/iphone-5-5s-secret-diary/,Product,93
/galaxy-s5-case-genuine-otterbox-commuter-wallet-case/,http://www.happytel.com/galaxy-s5-case-genuine-otterbox-commuter-wallet-case/,http://www.happytel.com/galaxy-s5-otterbox-commuter-case/,Product,91
/galaxy-s5-cases-covers-hard-case-aluminize/,http://www.happytel.com/galaxy-s5-cases-covers-hard-case-aluminize/,http://www.happytel.com/galaxy-s5-aluminize/,Product,90
/galaxy-s5-cases-covers-hard-case-eureka/,http://www.happytel.com/galaxy-s5-cases-covers-hard-case-eureka/,http://www.happytel.com/galaxy-s5-eureka/,Product,88
/galaxy-s5-case-wallet-flip-case/,http://www.happytel.com/galaxy-s5-case-wallet-flip-case/,http://www.happytel.com/galaxy-s5-samsung-flip/,Product,87
/iphone-4-4s-case-msg/,http://www.happytel.com/iphone-4-4s-case-msg/,http://www.happytel.com/iphone-4-4s-msg-diary-case/,Product,80
/iphone-6-eureka/,http://www.happytel.com/iphone-6-eureka/,http://www.happytel.com/iphone-6-eureka-case/,Product,334
/iphone-6-plus-naked-tough-clear/,http://www.happytel.com/iphone-6-plus-naked-tough-clear/,http://www.happytel.com/iphone-6-plus-case-mate-naked-tough-clear-case/,Product,209
/iphone-6-plus-casemate-naked-tough-clear-case/,http://www.happytel.com/iphone-6-plus-casemate-naked-tough-clear-case/,http://www.happytel.com/iphone-6-plus-case-mate-naked-tough-clear-case/,Product,209
/iphone-6-plus-bumper-8/,http://www.happytel.com/iphone-6-plus-bumper-8/,http://www.happytel.com/iphone-6-plus-bumper-8-case/,Product,315
/iphone-5-5s-msg-diary/,http://www.happytel.com/iphone-5-5s-msg-diary/,http://www.happytel.com/iphone-5-5s-msg-diary-case/,Product,194
/iphone-6-plus-msg-diary/,http://www.happytel.com/iphone-6-plus-msg-diary/,http://www.happytel.com/iphone-6-plus-msg-diary-case/,Product,423
/iphone-5-5s-eros/,http://www.happytel.com/iphone-5-5s-eros/,http://www.happytel.com/iphone-5-5s-eros-case/,Product,342
/iphone-6-plus-eros/,http://www.happytel.com/iphone-6-plus-eros/,http://www.happytel.com/iphone-6-plus-eros-case/,Product,337
/iphone-5-5s-eureka/,http://www.happytel.com/iphone-5-5s-eureka/,http://www.happytel.com/iphone-5-5s-eureka-case/,Product,154
/iphone-6-rich-diary/,http://www.happytel.com/iphone-6-rich-diary/,http://www.happytel.com/iphone-6-rich-diary-case/,Product,331
/iphone-5-5s-rich-diary/,http://www.happytel.com/iphone-5-5s-rich-diary/,http://www.happytel.com/iphone-5-5s-rich-diary-case/,Product,328
/iphone-6-plus-lifeproof-nuud/,http://www.happytel.com/iphone-6-plus-lifeproof-nuud/,http://www.happytel.com/iphone-6-plus-lifeproof-nuud-case/,Product,414
/galaxy-s5-flip/,http://www.happytel.com/galaxy-s5-flip/,http://www.happytel.com/galaxy-s5-samsung-flip/,Product,87
/galaxy-s5-otter-box-defender-whisper/,http://www.happytel.com/galaxy-s5-otter-box-defender-whisper/,http://www.happytel.com/galaxy-s5-otterbox-defender-whisper/,Product,79
/galaxy-s6-otter-box-symmetry/,http://www.happytel.com/galaxy-s6-otter-box-symmetry/,http://www.happytel.com/galaxy-s6-otterbox-symmetry-case/,Product,367
/galaxy-s6-otter-box-defender/,http://www.happytel.com/galaxy-s6-otter-box-defender/,http://www.happytel.com/galaxy-s6-otterbox-defender-case/,Product,366
/iphone-6-plus-otter-box-commuter/,http://www.happytel.com/iphone-6-plus-otter-box-commuter/,http://www.happytel.com/iphone-6-plus-otterbox-commuter-case/,Product,276
/galaxy-s6-otterbox-symmetry/,http://www.happytel.com/galaxy-s6-otterbox-symmetry/,http://www.happytel.com/galaxy-s6-otterbox-symmetry-case/,Product,367
/galaxy-s6-otterbox-defender/,http://www.happytel.com/galaxy-s6-otterbox-defender/,http://www.happytel.com/galaxy-s6-otterbox-defender-case/,Product,366
/iphone-6-otter-box-commuter/,http://www.happytel.com/iphone-6-otter-box-commuter/,http://www.happytel.com/iphone-6-otterbox-commuter-case/,Product,275
/galaxy-note-4-otter-box-symmetry/,http://www.happytel.com/galaxy-note-4-otter-box-symmetry/,http://www.happytel.com/galaxy-note-4-otterbox-symmetry-case/,Product,264
/iphone-6-otter-box-symmetry/,http://www.happytel.com/iphone-6-otter-box-symmetry/,http://www.happytel.com/iphone-6-otterbox-symmetry-case/,Product,225
/iphone-6-otter-box-defender/,http://www.happytel.com/iphone-6-otter-box-defender/,http://www.happytel.com/iphone-5-otterbox-defender-case/,Product,223
/galaxy-s4-otter-box-commuter/,http://www.happytel.com/galaxy-s4-otter-box-commuter/,http://www.happytel.com/galaxy-s4-otterbox-commuter-case/,Product,201
/galaxy-s4-otter-box-defender/,http://www.happytel.com/galaxy-s4-otter-box-defender/,http://www.happytel.com/galaxy-s4-otterbox-defender-case/,Product,198
/iphone-5-5s-otter-box-prefix/,http://www.happytel.com/iphone-5-5s-otter-box-prefix/,http://www.happytel.com/iphone-5-5s-otterbox-prefix-case/,Product,149
/galaxy-s5-otter-box-commuter/,http://www.happytel.com/galaxy-s5-otter-box-commuter/,http://www.happytel.com/galaxy-s5-otterbox-commuter-case/,Product,91
/iphone-6-plus-rich-diary/,http://www.happytel.com/iphone-6-plus-rich-diary/,http://www.happytel.com/iphone-6-plus-rich-diary-case/,Product,329
/iphone-5-5s-cat/,http://www.happytel.com/iphone-5-5s-cat/,http://www.happytel.com/iphone-5-5s-cat-case/,Product,141
/iphone-6-plus-persian-neo/,http://www.happytel.com/iphone-6-plus-persian-neo/,http://www.happytel.com/iphone-6-plus-persian-neo-case/,Product,327
/iphone-6-persian-neo/,http://www.happytel.com/iphone-6-persian-neo/,http://www.happytel.com/iphone-6-persian-neo-case/,Product,326
/iphone-6-plus-pocket-diary/,http://www.happytel.com/iphone-6-plus-pocket-diary/,http://www.happytel.com/iphone-6-plus-pocket-diary-case/,Product,323
/galaxy-s5-pocket-diary/,http://www.happytel.com/galaxy-s5-pocket-diary/,http://www.happytel.com/galaxy-s5-pocket-diary-case/,Product,324
/iphone-6-pocket-diary/,http://www.happytel.com/iphone-6-pocket-diary/,http://www.happytel.com/iphone-6-pocket-diary-case/,Product,322
/iphone-6-plus-golf-fit/,http://www.happytel.com/iphone-6-plus-golf-fit/,http://www.happytel.com/iphone-6-plus-golf-fit-case/,Product,321
/iphone-6-golf-fit/,http://www.happytel.com/iphone-6-golf-fit/,http://www.happytel.com/iphone-6-golf-fit-case/,Product,319
/iphone-6-plus-bumper-4/,http://www.happytel.com/iphone-6-plus-bumper-4/,http://www.happytel.com/iphone-6-plus-bumper-4-case/,Product,316
/iphone-6-plus-eureka/,http://www.happytel.com/iphone-6-plus-eureka/,http://www.happytel.com/iphone-6-plus-eureka-case/,Product,335
/iphone-6-20-c/,http://www.happytel.com/iphone-6-20-c/,http://www.happytel.com/iphone-6-6s-highlight/,Product,222
/iphone-6-plus-case-garden-flower-leather-case/,http://www.happytel.com/iphone-6-plus-case-garden-flower-leather-case/,http://www.happytel.com/iphone-6-plus-garden-flower-leather-case/,Product,250
/iphone-6-plus-tough-air/,http://www.happytel.com/iphone-6-plus-tough-air/,http://www.happytel.com/iphone-6-plus-case-mate-tough-air/,Product,210
/iphone-6-plus-mate-tough/,http://www.happytel.com/iphone-6-plus-mate-tough/,http://www.happytel.com/iphone-6-plus-case-mate-tough/,Product,208
/iphone-6-screen-protector-nano-glass/,http://www.happytel.com/iphone-6-screen-protector-nano-glass/,http://www.happytel.com/iphone-6-6s-tempered-glass-screen-protector/,Product,180
/samsung-galaxy-s5-screen-protector-nano-glass/,http://www.happytel.com/samsung-galaxy-s5-screen-protector-nano-glass/,http://www.happytel.com/samsung-galaxy-s5-tempered-glass-screen-protector/,Product,100
/samsung-galaxy-s4-screen-protector-nano-glass/,http://www.happytel.com/samsung-galaxy-s4-screen-protector-nano-glass/,http://www.happytel.com/samsung-galaxy-s4-tempered-glass-screen-protector/,Product,113
/iphone-5-5s-screen-protector-nano-glass/,http://www.happytel.com/iphone-5-5s-screen-protector-nano-glass/,http://www.happytel.com/iphone-5-5s-tempered-glass-screen-protector/,Product,99
/iphone-4-4s-msg-diary/,http://www.happytel.com/iphone-4-4s-msg-diary/,http://www.happytel.com/iphone-4-4s-msg-diary-case/,Product,80
/iphone-6-designskin-g-raft/,http://www.happytel.com/iphone-6-designskin-g-raft/,http://www.happytel.com/iphone-6-6s-designskin-g-raft-case/,Product,447
/iphone-6-plus-designskin-g-raft/,http://www.happytel.com/iphone-6-plus-designskin-g-raft/,http://www.happytel.com/iphone-6-6s-plus-designskin-g-raft-case/,Product,451
/iphone-6-6s-plus-designskin-g-raft/,http://www.happytel.com/iphone-6-6s-plus-designskin-g-raft/,http://www.happytel.com/iphone-6-6s-plus-designskin-g-raft-case/,Product,451
/galaxy-s6-designskin-g-raft/,http://www.happytel.com/galaxy-s6-designskin-g-raft/,http://www.happytel.com/galaxy-s6-designskin-g-raft-case/,Product,459
/galaxy-s6-edge-designskin-g-raft/,http://www.happytel.com/galaxy-s6-edge-designskin-g-raft/,http://www.happytel.com/galaxy-s6-edge-designskin-g-raft-case/,Product,457
/iphone-6-6s-designskin-g-raft/,http://www.happytel.com/iphone-6-6s-designskin-g-raft/,http://www.happytel.com/iphone-6-6s-designskin-g-raft-case/,Product,447
/iphone-6-6s-oscar-marine-jagged-case/,http://www.happytel.com/iphone-6-6s-oscar-marine-jagged-case/,http://www.happytel.com/iphone-6-6s-oscar-marine-case/,Product,467
/iphone-6-6s-oscar-marine-patch-case/,http://www.happytel.com/iphone-6-6s-oscar-marine-patch-case/,http://www.happytel.com/iphone-6-6s-oscar-candy-case/,Product,469
/iphone-6-case-otterbox-commuter-wallet/,http://www.happytel.com/iphone-6-case-otterbox-commuter-wallet/,http://www.happytel.com/iphone-6-case-otterbox-commuter-wallet-case/,Product,286
/iphone-6-16-series/,http://www.happytel.com/iphone-6-16-series/,http://www.happytel.com/iphone-6-16-series-case/,Product,290
/iphone-6-plus-walnutt/,http://www.happytel.com/iphone-6-plus-walnutt/,http://www.happytel.com/iphone-6-plus-walnutt-case/,Product,295
/iphone-6-walnutt/,http://www.happytel.com/iphone-6-walnutt/,http://www.happytel.com/iphone-6-walnutt-case/,Product,297
/iphone-6-drops/,http://www.happytel.com/iphone-6-drops/,http://www.happytel.com/iphone-6-drops-case/,Product,300
/iphone-6-lifeproof-fre/,http://www.happytel.com/iphone-6-lifeproof-fre/,http://www.happytel.com/iphone-6-lifeproof-fre-case/,Product,309
/iphone-6-plus-shimmer/,http://www.happytel.com/iphone-6-plus-shimmer/,http://www.happytel.com/iphone-6-plus-shimmer-case/,Product,284
/iphone-6-shimmer/,http://www.happytel.com/iphone-6-shimmer/,http://www.happytel.com/iphone-6-shimmer-case/,Product,283
/iphone-6-plus-buckle-diary/,http://www.happytel.com/iphone-6-plus-buckle-diary/,http://www.happytel.com/iphone-6-plus-buckle-diary-case/,Product,281
/iphone-6-buckle-diary/,http://www.happytel.com/iphone-6-buckle-diary/,http://www.happytel.com/iphone-6-buckle-diary-case/,Product,280
/iphone-6-62-ultra-thin-case/,http://www.happytel.com/iphone-6-62-ultra-thin-case/,http://www.happytel.com/iphone-6-6s-ultra-thin-case/,Product,477
/iphone-6-sensation/,http://www.happytel.com/iphone-6-sensation/,http://www.happytel.com/iphone-6-sensation-case/,Product,270
/iphone-6-plus-sensation/,http://www.happytel.com/iphone-6-plus-sensation/,http://www.happytel.com/iphone-6-plus-sensation-case/,Product,269
/iphone-6-plus-6s-oscar-ice-cream-shark-case/,http://www.happytel.com/iphone-6-plus-6s-oscar-ice-cream-shark-case/,http://www.happytel.com/iphone-6-6s-oscar-ice-cream-shark-case/,Product,475
/iphone-6-oscar-marble/,http://www.happytel.com/iphone-6-oscar-marble/,http://www.happytel.com/iphone-6-6s-oscar-marble/,Product,460
/copy-of-iphone-6-6s-oscar-marble/,http://www.happytel.com/copy-of-iphone-6-6s-oscar-marble/,http://www.happytel.com/iphone-6-plus-6s-plus-oscar-marble/,Product,498
/samsung-s6-plus-6s-plus-oscar-marble/,http://www.happytel.com/samsung-s6-plus-6s-plus-oscar-marble/,http://www.happytel.com/samsung-galaxy-s6-oscar-marble/,Product,499
/iphone-6-otterbox-defender-case/,http://www.happytel.com/iphone-6-otterbox-defender-case/,http://www.happytel.com/iphone-5-otterbox-defender-case/,Product,223
/copy-of-iphone-6-6s-amante-denim-case/,http://www.happytel.com/copy-of-iphone-6-6s-amante-denim-case/,http://www.happytel.com/iphone-5-5s-amante-denim-case/,Product,516
/copy-of-iphone-6-6s-ocean-jelly-case/,http://www.happytel.com/copy-of-iphone-6-6s-ocean-jelly-case/,http://www.happytel.com/iphone-6-plus-6s-plus-ocean-jelly-case/,Product,524
/iphone-6-6s-landscape-case/,http://www.happytel.com/iphone-6-6s-landscape-case/,http://www.happytel.com/iphone-6-6s-oscar-landscape-case/,Product,525
/copy-of-iphone-6-6s-luxo-denim-case/,http://www.happytel.com/copy-of-iphone-6-6s-luxo-denim-case/,http://www.happytel.com/iphone-6-plus-6s-plus-luxo-denim-case/,Product,531
/copy-of-iphone-6-6s-oscar-fruit-case/,http://www.happytel.com/copy-of-iphone-6-6s-oscar-fruit-case/,http://www.happytel.com/iphone-6-plus-6s-plus-oscar-fruit-case/,Product,538
/copy-of-iphone-6-6s-vintage-leather-case/,http://www.happytel.com/copy-of-iphone-6-6s-vintage-leather-case/,http://www.happytel.com/iphone-6-plus-6s-plus-vintage-leather-case/,Product,546
/iphone-6-6s-verus-damda-case/,http://www.happytel.com/iphone-6-6s-verus-damda-case/,http://www.happytel.com/iphone-6-6s-verus-damda-slide-case/,Product,548
/iphone-5-5s-bumper-8/,http://www.happytel.com/iphone-5-5s-bumper-8/,http://www.happytel.com/iphone-5-5s-bumper-8-case/,Product,433
/universal-case-candy-diary-large-size/,http://www.happytel.com/universal-case-candy-diary-large-size/,http://www.happytel.com/universal-candy-diary-large/,Product,354
